date,year,month,arabica_usd_kg,robusta_usd_kg
1960-01-01,1960,1,0.9409,0.6969
1960-02-01,1960,2,0.9469,0.6887
1960-03-01,1960,3,0.9281,0.6887
1960-04-01,1960,4,0.9303,0.6845
1960-05-01,1960,5,0.92,0.6907
1960-06-01,1960,6,0.9123,0.6969
1960-07-01,1960,7,0.916,0.6907
1960-08-01,1960,8,0.9292,0.6988
1960-09-01,1960,9,0.9226,0.7028
1960-10-01,1960,10,0.9237,0.7068
1960-11-01,1960,11,0.9116,0.709
1960-12-01,1960,12,0.9006,0.6969
1961-01-01,1961,1,0.9145,0.6766
1961-02-01,1961,2,0.9167,0.6766
1961-03-01,1961,3,0.9105,0.6684
1961-04-01,1961,4,0.9017,0.6645
1961-05-01,1961,5,0.8929,0.6623
1961-06-01,1961,6,0.8891,0.6664
1961-07-01,1961,7,0.8929,0.6684
1961-08-01,1961,8,0.8935,0.6684
1961-09-01,1961,9,0.8891,0.6724
1961-10-01,1961,10,0.8852,0.6724
1961-11-01,1961,11,0.883,0.6704
1961-12-01,1961,12,0.8774,0.6664
1962-01-01,1962,1,0.8774,0.6684
1962-02-01,1962,2,0.877,0.6684
1962-03-01,1962,3,0.8609,0.6704
1962-04-01,1962,4,0.8466,0.6744
1962-05-01,1962,5,0.8256,0.6724
1962-06-01,1962,6,0.8047,0.6724
1962-07-01,1962,7,0.8131,0.6766
1962-08-01,1962,8,0.819,0.6845
1962-09-01,1962,9,0.8256,0.6947
1962-10-01,1962,10,0.8109,0.6947
1962-11-01,1962,11,0.8124,0.6927
1962-12-01,1962,12,0.8179,0.7169
1963-01-01,1963,1,0.8267,0.6521
1963-02-01,1963,2,0.8031,0.6138
1963-03-01,1963,3,0.8109,0.6157
1963-04-01,1963,4,0.808,0.6157
1963-05-01,1963,5,0.797,0.6118
1963-06-01,1963,6,0.7992,0.6118
1963-07-01,1963,7,0.8064,0.6157
1963-08-01,1963,8,0.8047,0.6118
1963-09-01,1963,9,0.802,0.6239
1963-10-01,1963,10,0.8042,0.6259
1963-11-01,1963,11,0.8069,0.6318
1963-12-01,1963,12,0.7998,0.6521
1964-01-01,1964,1,0.9259,0.7008
1964-02-01,1964,2,0.9414,0.7211
1964-03-01,1964,3,1.0351,0.7798
1964-04-01,1964,4,1.0042,0.8161
1964-05-01,1964,5,1.0203,0.8285
1964-06-01,1964,6,1.0053,0.8466
1964-07-01,1964,7,1.0214,0.8183
1964-08-01,1964,8,1.049,0.8183
1964-09-01,1964,9,1.0373,0.7899
1964-10-01,1964,10,1.0379,0.7738
1964-11-01,1964,11,1.034,0.7879
1964-12-01,1964,12,1.0053,0.7637
1965-01-01,1965,1,1.0119,0.6283
1965-02-01,1965,2,1.0384,0.6371
1965-03-01,1965,3,0.9899,0.5798
1965-04-01,1965,4,0.9744,0.547
1965-05-01,1965,5,0.9612,0.4872
1965-06-01,1965,6,0.9811,0.6131
1965-07-01,1965,7,0.9811,0.7163
1965-08-01,1965,8,1.0009,0.795
1965-09-01,1965,9,0.9987,0.7776
1965-10-01,1965,10,1.0097,0.8073
1965-11-01,1965,11,1.0251,0.7568
1965-12-01,1965,12,1.0318,0.7936
1966-01-01,1966,1,1.0119,0.8016
1966-02-01,1966,2,0.9722,0.7577
1966-03-01,1966,3,0.9546,0.7438
1966-04-01,1966,4,0.9546,0.7606
1966-05-01,1966,5,0.9458,0.7652
1966-06-01,1966,6,0.9237,0.741
1966-07-01,1966,7,0.9171,0.7291
1966-08-01,1966,8,0.9171,0.7189
1966-09-01,1966,9,0.8995,0.6995
1966-10-01,1966,10,0.8885,0.7171
1966-11-01,1966,11,0.8869,0.72
1966-12-01,1966,12,0.8728,0.7152
1967-01-01,1967,1,0.8501,0.7057
1967-02-01,1967,2,0.8441,0.7286
1967-03-01,1967,3,0.8228,0.7257
1967-04-01,1967,4,0.8508,0.7471
1967-05-01,1967,5,0.8891,0.7703
1967-06-01,1967,6,0.9092,0.7824
1967-07-01,1967,7,0.9026,0.7407
1967-08-01,1967,8,0.8761,0.7176
1967-09-01,1967,9,0.8607,0.724
1967-10-01,1967,10,0.8472,0.7295
1967-11-01,1967,11,0.8666,0.7478
1967-12-01,1967,12,0.8512,0.75
1968-01-01,1968,1,0.866,0.7597
1968-02-01,1968,2,0.8691,0.7566
1968-03-01,1968,3,0.8821,0.7548
1968-04-01,1968,4,0.886,0.7533
1968-05-01,1968,5,0.8816,0.7551
1968-06-01,1968,6,0.888,0.7566
1968-07-01,1968,7,0.8814,0.7498
1968-08-01,1968,8,0.8662,0.7476
1968-09-01,1968,9,0.8538,0.7493
1968-10-01,1968,10,0.8545,0.7401
1968-11-01,1968,11,0.8486,0.7233
1968-12-01,1968,12,0.8267,0.7094
1969-01-01,1969,1,0.8261,0.7066
1969-02-01,1969,2,0.8419,0.7081
1969-03-01,1969,3,0.8294,0.6872
1969-04-01,1969,4,0.8135,0.6589
1969-05-01,1969,5,0.8093,0.6497
1969-06-01,1969,6,0.795,0.6772
1969-07-01,1969,7,0.7776,0.6872
1969-08-01,1969,8,0.8126,0.7246
1969-09-01,1969,9,0.9026,0.763
1969-10-01,1969,10,1.0401,0.845
1969-11-01,1969,11,1.0247,0.8208
1969-12-01,1969,12,1.0479,0.8285
1970-01-01,1970,1,1.1369,0.862
1970-02-01,1970,2,1.1453,0.8474
1970-03-01,1970,3,1.1711,0.8679
1970-04-01,1970,4,1.2028,0.9129
1970-05-01,1970,5,1.217,0.94
1970-06-01,1970,6,1.2061,0.9299
1970-07-01,1970,7,1.2121,0.9425
1970-08-01,1970,8,1.1828,0.9447
1970-09-01,1970,9,1.1603,0.9387
1970-10-01,1970,10,1.1197,0.9416
1970-11-01,1970,11,1.0278,0.916
1970-12-01,1970,12,0.9775,0.9191
1971-01-01,1971,1,1.0031,0.9299
1971-02-01,1971,2,0.9833,0.9297
1971-03-01,1971,3,1.0143,0.9407
1971-04-01,1971,4,0.9894,0.94
1971-05-01,1971,5,1.0183,0.94
1971-06-01,1971,6,1.0022,0.9341
1971-07-01,1971,7,0.9927,0.9283
1971-08-01,1971,8,1.0051,0.9299
1971-09-01,1971,9,0.9645,0.9244
1971-10-01,1971,10,0.9431,0.9191
1971-11-01,1971,11,0.9658,0.9255
1971-12-01,1971,12,1.0207,0.9374
1972-01-01,1972,1,0.9905,0.9297
1972-02-01,1972,2,0.9996,0.9308
1972-03-01,1972,3,1.0192,0.9495
1972-04-01,1972,4,1.0115,0.9627
1972-05-01,1972,5,1.0377,0.9647
1972-06-01,1972,6,1.0697,0.9625
1972-07-01,1972,7,1.2361,1.0439
1972-08-01,1972,8,1.2009,1.0406
1972-09-01,1972,9,1.1687,1.0346
1972-10-01,1972,10,1.1779,1.0368
1972-11-01,1972,11,1.1859,1.0443
1972-12-01,1972,12,1.2174,1.0529
1973-01-01,1973,1,1.278,1.054
1973-02-01,1973,2,1.4542,1.0919
1973-03-01,1973,3,1.4193,1.1098
1973-04-01,1973,4,1.291,1.0776
1973-05-01,1973,5,1.4151,1.0745
1973-06-01,1973,6,1.4147,1.0776
1973-07-01,1973,7,1.3567,1.0582
1973-08-01,1973,8,1.3307,1.045
1973-09-01,1973,9,1.3272,1.1045
1973-10-01,1973,10,1.3779,1.1464
1973-11-01,1973,11,1.3931,1.1684
1973-12-01,1973,12,1.4235,1.1905
1974-01-01,1974,1,1.5304,1.2266
1974-02-01,1974,2,1.6466,1.3349
1974-03-01,1974,3,1.5754,1.3827
1974-04-01,1974,4,1.5498,1.4116
1974-05-01,1974,5,1.5657,1.4226
1974-06-01,1974,6,1.5898,1.3624
1974-07-01,1974,7,1.5232,1.3036
1974-08-01,1974,8,1.379,1.2348
1974-09-01,1974,9,1.2039,1.1887
1974-10-01,1974,10,1.2518,1.2112
1974-11-01,1974,11,1.3069,1.2271
1974-12-01,1974,12,1.2959,1.2165
1975-01-01,1975,1,1.2311,1.1975
1975-02-01,1975,2,1.1788,1.155
1975-03-01,1975,3,1.1034,1.0943
1975-04-01,1975,4,1.0503,1.0809
1975-05-01,1975,5,1.121,1.0476
1975-06-01,1975,6,1.233,1.0877
1975-07-01,1975,7,1.4478,1.2936
1975-08-01,1975,8,1.8404,1.6986
1975-09-01,1975,9,1.7831,1.6777
1975-10-01,1975,10,1.7723,1.6109
1975-11-01,1975,11,1.709,1.5743
1975-12-01,1975,12,1.8353,1.632
1976-01-01,1976,1,2.047,1.7445
1976-02-01,1976,2,2.1874,1.8223
1976-03-01,1976,3,2.1958,1.8159
1976-04-01,1976,4,2.7002,2.3763
1976-05-01,1976,5,2.9864,2.6816
1976-06-01,1976,6,3.2977,2.8673
1976-07-01,1976,7,3.0256,2.7841
1976-08-01,1976,8,3.3848,2.9158
1976-09-01,1976,9,3.5133,3.022
1976-10-01,1976,10,3.8215,3.3487
1976-11-01,1976,11,4.0342,3.8858
1976-12-01,1976,12,4.566,4.4964
1977-01-01,1977,1,4.8272,4.7676
1977-02-01,1977,2,5.4119,5.4314
1977-03-01,1977,3,6.7058,6.748
1977-04-01,1977,4,7.0036,6.8835
1977-05-01,1977,5,6.2889,5.9426
1977-06-01,1977,6,5.7781,4.9387
1977-07-01,1977,7,4.8488,4.3318
1977-08-01,1977,8,4.396,4.4826
1977-09-01,1977,9,4.1778,4.4422
1977-10-01,1977,10,3.7703,3.8344
1977-11-01,1977,11,4.3466,3.6752
1977-12-01,1977,12,4.4714,3.7162
1978-01-01,1978,1,4.545,3.905
1978-02-01,1978,2,4.3561,3.8483
1978-03-01,1978,3,3.8576,3.4753
1978-04-01,1978,4,3.9368,3.1922
1978-05-01,1978,5,3.7397,3.0002
1978-06-01,1978,6,3.7148,3.332
1978-07-01,1978,7,2.9498,2.7897
1978-08-01,1978,8,3.0472,2.8318
1978-09-01,1978,9,3.4244,3.2386
1978-10-01,1978,10,3.3964,3.3096
1978-11-01,1978,11,3.2223,3.1804
1978-12-01,1978,12,2.8898,2.9119
1979-01-01,1979,1,2.8349,2.9377
1979-02-01,1979,2,2.7119,2.9211
1979-03-01,1979,3,2.8735,2.9809
1979-04-01,1979,4,3.0563,3.1262
1979-05-01,1979,5,3.3023,3.2558
1979-06-01,1979,6,4.2589,4.1621
1979-07-01,1979,7,4.4899,4.3241
1979-08-01,1979,8,4.353,4.0111
1979-09-01,1979,9,4.5717,4.2293
1979-10-01,1979,10,4.6207,4.064
1979-11-01,1979,11,4.5574,3.909
1979-12-01,1979,12,4.2831,3.902
1980-01-01,1980,1,3.8078,3.5713
1980-02-01,1980,2,3.7102,3.5521
1980-03-01,1980,3,4.1173,3.7225
1980-04-01,1980,4,4.0528,3.6464
1980-05-01,1980,5,4.2315,3.8848
1980-06-01,1980,6,4.0503,3.7613
1980-07-01,1980,7,3.5164,3.2809
1980-08-01,1980,8,3.1001,2.9496
1980-09-01,1980,9,2.8559,2.7567
1980-10-01,1980,10,2.8373,2.7242
1980-11-01,1980,11,2.5986,2.5183
1980-12-01,1980,12,2.7172,2.5505
1981-01-01,1981,1,2.8894,2.6283
1981-02-01,1981,2,2.8517,2.4886
1981-03-01,1981,3,2.8574,2.4723
1981-04-01,1981,4,2.8887,2.4507
1981-05-01,1981,5,2.8329,2.3477
1981-06-01,1981,6,2.5104,1.8583
1981-07-01,1981,7,2.6691,1.9357
1981-08-01,1981,8,2.782,1.9786
1981-09-01,1981,9,2.8038,1.9703
1981-10-01,1981,10,3.0225,2.1656
1981-11-01,1981,11,3.1804,2.3135
1981-12-01,1981,12,3.1343,2.273
1982-01-01,1982,1,3.1786,2.3076
1982-02-01,1982,2,3.4046,2.5168
1982-03-01,1982,3,3.2196,2.4685
1982-04-01,1982,4,3.1224,2.3455
1982-05-01,1982,5,3.0333,2.2822
1982-06-01,1982,6,3.1004,2.2408
1982-07-01,1982,7,2.9434,2.1678
1982-08-01,1982,8,2.9308,2.2478
1982-09-01,1982,9,3.0042,2.4092
1982-10-01,1982,10,3.0955,2.5856
1982-11-01,1982,11,3.045,2.6943
1982-12-01,1982,12,2.9729,2.8177
1983-01-01,1983,1,2.8651,2.745
1983-02-01,1983,2,2.7983,2.6846
1983-03-01,1983,3,2.7567,2.6727
1983-04-01,1983,4,2.7505,2.6727
1983-05-01,1983,5,2.8323,2.7152
1983-06-01,1983,6,2.8071,2.6511
1983-07-01,1983,7,2.8294,2.6469
1983-08-01,1983,8,2.8559,2.6526
1983-09-01,1983,9,2.9169,2.6877
1983-10-01,1983,10,3.1026,2.8726
1983-11-01,1983,11,3.187,2.8515
1983-12-01,1983,12,3.2333,2.9271
1984-01-01,1984,1,3.1683,2.9306
1984-02-01,1984,2,3.2168,3.0049
1984-03-01,1984,3,3.2699,3.0433
1984-04-01,1984,4,3.3116,3.0325
1984-05-01,1984,5,3.3124,3.2293
1984-06-01,1984,6,3.2474,3.165
1984-07-01,1984,7,3.1771,3.0402
1984-08-01,1984,8,3.2121,3.099
1984-09-01,1984,9,3.1356,3.1189
1984-10-01,1984,10,3.0175,2.9787
1984-11-01,1984,11,3.0911,2.9998
1984-12-01,1984,12,3.1041,2.7992
1985-01-01,1985,1,3.2053,2.7675
1985-02-01,1985,2,3.1764,2.7011
1985-03-01,1985,3,3.2602,2.7079
1985-04-01,1985,4,3.1189,2.702
1985-05-01,1985,5,3.1458,2.6685
1985-06-01,1985,6,3.1281,2.6497
1985-07-01,1985,7,2.9778,2.3433
1985-08-01,1985,8,2.9427,2.3466
1985-09-01,1985,9,2.9427,2.2941
1985-10-01,1985,10,3.0979,2.4544
1985-11-01,1985,11,3.4315,2.7816
1985-12-01,1985,12,4.3422,3.3669
1986-01-01,1986,1,5.2441,3.7516
1986-02-01,1986,2,5.0307,3.5721
1986-03-01,1986,3,5.2823,3.7229
1986-04-01,1986,4,4.9833,3.4703
1986-05-01,1986,5,4.6592,3.1416
1986-06-01,1986,6,3.9039,2.7602
1986-07-01,1986,7,3.7988,2.7761
1986-08-01,1986,8,3.8345,2.9751
1986-09-01,1986,9,4.4011,3.6062
1986-10-01,1986,10,3.9152,3.2808
1986-11-01,1986,11,3.4545,3.1337
1986-12-01,1986,12,3.0034,2.7465
1987-01-01,1987,1,2.7234,2.4996
1987-02-01,1987,2,2.6645,2.4269
1987-03-01,1987,3,2.2877,2.157
1987-04-01,1987,4,2.3712,2.229
1987-05-01,1987,5,2.586,2.3281
1987-06-01,1987,6,2.3176,2.1615
1987-07-01,1987,7,2.2023,2.0388
1987-08-01,1987,8,2.2531,2.0845
1987-09-01,1987,9,2.4365,2.1898
1987-10-01,1987,10,2.6319,2.2822
1987-11-01,1987,11,2.7884,2.3111
1987-12-01,1987,12,2.7972,2.2716
1988-01-01,1988,1,2.8223,2.2511
1988-02-01,1988,2,3.0544,2.2702
1988-03-01,1988,3,3.0104,2.1817
1988-04-01,1988,4,3.0075,2.1204
1988-05-01,1988,5,3.0567,2.0737
1988-06-01,1988,6,3.1718,2.0608
1988-07-01,1988,7,3.1299,1.881
1988-08-01,1988,8,2.9228,1.8001
1988-09-01,1988,9,3.0391,1.9789
1988-10-01,1988,10,2.9502,2.0744
1988-11-01,1988,11,2.9848,2.0428
1988-12-01,1988,12,3.2546,2.2151
1989-01-01,1989,1,3.3563,2.2342
1989-02-01,1989,2,3.0854,2.1191
1989-03-01,1989,3,3.0966,2.081
1989-04-01,1989,4,3.172,2.011
1989-05-01,1989,5,3.0993,2.0133
1989-06-01,1989,6,2.7628,1.8464
1989-07-01,1989,7,1.942,1.4383
1989-08-01,1989,8,1.7308,1.314
1989-09-01,1989,9,1.7289,1.3234
1989-10-01,1989,10,1.5135,1.1806
1989-11-01,1989,11,1.5624,1.1744
1989-12-01,1989,12,1.5977,1.1317
1990-01-01,1990,1,1.6761,1.0907
1990-02-01,1990,2,1.8508,1.1036
1990-03-01,1990,3,2.0885,1.2292
1990-04-01,1990,4,2.088,1.2335
1990-05-01,1990,5,2.0496,1.1821
1990-06-01,1990,6,1.9654,1.1171
1990-07-01,1990,7,1.9103,1.1039
1990-08-01,1990,8,2.0818,1.1856
1990-09-01,1990,9,2.103,1.228
1990-10-01,1990,10,2.019,1.2392
1990-11-01,1990,11,1.8678,1.2231
1990-12-01,1990,12,1.9661,1.2447
1991-01-01,1991,1,1.8945,1.1647
1991-02-01,1991,2,1.9667,1.1435
1991-03-01,1991,3,2.0628,1.1324
1991-04-01,1991,4,2.0273,1.1229
1991-05-01,1991,5,1.9375,1.0375
1991-06-01,1991,6,1.891,1.0005
1991-07-01,1991,7,1.8351,1.0005
1991-08-01,1991,8,1.8027,0.99
1991-09-01,1991,9,1.9193,1.0287
1991-10-01,1991,10,1.7586,1.0115
1991-11-01,1991,11,1.724,1.1112
1991-12-01,1991,12,1.6612,1.1197
1992-01-01,1992,1,1.6184,1.0765
1992-02-01,1992,2,1.5091,0.9385
1992-03-01,1992,3,1.5514,0.9389
1992-04-01,1992,4,1.4533,0.9118
1992-05-01,1992,5,1.3417,0.8307
1992-06-01,1992,6,1.3027,0.8195
1992-07-01,1992,7,1.2831,0.864
1992-08-01,1992,8,1.1669,0.8565
1992-09-01,1992,9,1.1735,0.9034
1992-10-01,1992,10,1.3574,0.9742
1992-11-01,1992,11,1.4839,1.0509
1992-12-01,1992,12,1.7016,1.1202
1993-01-01,1993,1,1.5298,1.034
1993-02-01,1993,2,1.4914,1.0361
1993-03-01,1993,3,1.4026,1.0119
1993-04-01,1993,4,1.2758,0.9894
1993-05-01,1993,5,1.3708,1.0179
1993-06-01,1993,6,1.3779,1.0267
1993-07-01,1993,7,1.5831,1.0891
1993-08-01,1993,8,1.6958,1.2888
1993-09-01,1993,9,1.7807,1.3779
1993-10-01,1993,10,1.6896,1.299
1993-11-01,1993,11,1.7328,1.355
1993-12-01,1993,12,1.7921,1.3627
1994-01-01,1994,1,1.7405,1.3093
1994-02-01,1994,2,1.8503,1.3404
1994-03-01,1994,3,1.9181,1.4265
1994-04-01,1994,4,1.9967,1.5833
1994-05-01,1994,5,2.687,2.0933
1994-06-01,1994,6,3.1621,2.4776
1994-07-01,1994,7,4.8256,3.6155
1994-08-01,1994,8,4.4189,3.585
1994-09-01,1994,9,4.8943,4.0297
1994-10-01,1994,10,4.45,3.7352
1994-11-01,1994,11,4.0325,3.3803
1994-12-01,1994,12,3.7157,2.8601
1995-01-01,1995,1,3.8056,2.8999
1995-02-01,1995,2,3.7431,2.9694
1995-03-01,1995,3,3.9558,3.2194
1995-04-01,1995,4,3.8449,3.1918
1995-05-01,1995,5,3.7701,3.1063
1995-06-01,1995,6,3.4059,2.84
1995-07-01,1995,7,3.2112,2.6403
1995-08-01,1995,8,3.3777,2.87
1995-09-01,1995,9,2.9643,2.5364
1995-10-01,1995,10,2.8058,2.4859
1995-11-01,1995,11,2.7613,2.4412
1995-12-01,1995,12,2.3422,2.0479
1996-01-01,1996,1,2.4394,1.9839
1996-02-01,1996,2,2.7357,2.1361
1996-03-01,1996,3,2.6641,2.0049
1996-04-01,1996,4,2.7227,1.9989
1996-05-01,1996,5,2.8499,2.0106
1996-06-01,1996,6,2.7659,1.8984
1996-07-01,1996,7,2.7,1.7077
1996-08-01,1996,8,2.7827,1.7465
1996-09-01,1996,9,2.6169,1.6389
1996-10-01,1996,10,2.7381,1.6076
1996-11-01,1996,11,2.7353,1.5476
1996-12-01,1996,12,2.5798,1.3902
1997-01-01,1997,1,2.9291,1.4813
1997-02-01,1997,2,3.7119,1.6623
1997-03-01,1997,3,4.2924,1.7688
1997-04-01,1997,4,4.5633,1.7062
1997-05-01,1997,5,5.8923,2.0635
1997-06-01,1997,6,4.8947,1.9564
1997-07-01,1997,7,4.1978,1.756
1997-08-01,1997,8,4.2064,1.6413
1997-09-01,1997,9,4.1859,1.6568
1997-10-01,1997,10,3.6963,1.6429
1997-11-01,1997,11,3.5333,1.6764
1997-12-01,1997,12,3.9119,1.821
1998-01-01,1998,1,3.9198,1.8389
1998-02-01,1998,2,3.9282,1.8378
1998-03-01,1998,3,3.4756,1.812
1998-04-01,1998,4,3.3146,1.9615
1998-05-01,1998,5,3.0362,2.0005
1998-06-01,1998,6,2.7542,1.8239
1998-07-01,1998,7,2.5926,1.6984
1998-08-01,1998,8,2.7163,1.748
1998-09-01,1998,9,2.4659,1.7593
1998-10-01,1998,10,2.4189,1.7703
1998-11-01,1998,11,2.5655,1.7672
1998-12-01,1998,12,2.588,1.8532
1999-01-01,1999,1,2.4903,1.8142
1999-02-01,1999,2,2.3254,1.7467
1999-03-01,1999,3,2.3234,1.6186
1999-04-01,1999,4,2.2511,1.5282
1999-05-01,1999,5,2.4487,1.4978
1999-06-01,1999,6,2.3636,1.446
1999-07-01,1999,7,2.0911,1.3572
1999-08-01,1999,8,2.0144,1.3905
1999-09-01,1999,9,1.8587,1.3133
1999-10-01,1999,10,2.0768,1.2901
1999-11-01,1999,11,2.4996,1.39
1999-12-01,1999,12,2.7439,1.4725
2000-01-01,2000,1,2.4496,1.1724
2000-02-01,2000,2,2.2805,1.0772
2000-03-01,2000,3,2.2207,1.0196
2000-04-01,2000,4,2.0858,0.98
2000-05-01,2000,5,2.0756,0.9771
2000-06-01,2000,6,1.9057,0.9409
2000-07-01,2000,7,1.9257,0.8999
2000-08-01,2000,8,1.6958,0.8433
2000-09-01,2000,9,1.6707,0.8561
2000-10-01,2000,10,1.6901,0.7967
2000-11-01,2000,11,1.5772,0.7233
2000-12-01,2000,12,1.4586,0.6698
2001-01-01,2001,1,1.4546,0.7143
2001-02-01,2001,2,1.4813,0.6962
2001-03-01,2001,3,1.4661,0.6729
2001-04-01,2001,4,1.4579,0.6281
2001-05-01,2001,5,1.526,0.6512
2001-06-01,2001,6,1.4088,0.6431
2001-07-01,2001,7,1.2946,0.6047
2001-08-01,2001,8,1.3166,0.5692
2001-09-01,2001,9,1.2802,0.5351
2001-10-01,2001,10,1.2434,0.5124
2001-11-01,2001,11,1.2974,0.5221
2001-12-01,2001,12,1.2505,0.5368
2002-01-01,2002,1,1.2842,0.5029
2002-02-01,2002,2,1.3034,0.5373
2002-03-01,2002,3,1.4213,0.6415
2002-04-01,2002,4,1.4425,0.6468
2002-05-01,2002,5,1.3536,0.6243
2002-06-01,2002,6,1.2912,0.6266
2002-07-01,2002,7,1.2452,0.6305
2002-08-01,2002,8,1.1964,0.6146
2002-09-01,2002,9,1.3375,0.7072
2002-10-01,2002,10,1.4491,0.7348
2002-11-01,2002,11,1.5404,0.8358
2002-12-01,2002,12,1.4145,0.8391
2003-01-01,2003,1,1.4456,0.9079
2003-02-01,2003,2,1.4641,0.8966
2003-03-01,2003,3,1.3614,0.8195
2003-04-01,2003,4,1.4262,0.825
2003-05-01,2003,5,1.4608,0.8333
2003-06-01,2003,6,1.3457,0.7542
2003-07-01,2003,7,1.3878,0.7793
2003-08-01,2003,8,1.4085,0.8003
2003-09-01,2003,9,1.4641,0.8234
2003-10-01,2003,10,1.4176,0.791
2003-11-01,2003,11,1.373,0.752
2003-12-01,2003,12,1.4299,0.7915
2004-01-01,2004,1,1.6034,0.8783
2004-02-01,2004,2,1.6801,0.8168
2004-03-01,2004,3,1.7209,0.8091
2004-04-01,2004,4,1.6632,0.8018
2004-05-01,2004,5,1.6973,0.806
2004-06-01,2004,6,1.8124,0.879
2004-07-01,2004,7,1.6521,0.7941
2004-08-01,2004,8,1.6228,0.7476
2004-09-01,2004,9,1.7741,0.7549
2004-10-01,2004,10,1.7758,0.6982
2004-11-01,2004,11,1.9901,0.7211
2004-12-01,2004,12,2.2955,0.8095
2005-01-01,2005,1,2.3625,0.8148
2005-02-01,2005,2,2.6645,0.9092
2005-03-01,2005,3,2.9769,1.0915
2005-04-01,2005,4,2.8556,1.1188
2005-05-01,2005,5,2.8301,1.2361
2005-06-01,2005,6,2.6711,1.3232
2005-07-01,2005,7,2.4235,1.276
2005-08-01,2005,8,2.3854,1.1457
2005-09-01,2005,9,2.1934,1.0333
2005-10-01,2005,10,2.316,1.0479
2005-11-01,2005,11,2.3753,1.1343
2005-12-01,2005,12,2.3318,1.2432
2006-01-01,2006,1,2.7381,1.3975
2006-02-01,2006,2,2.6261,1.3885
2006-03-01,2006,3,2.5058,1.314
2006-04-01,2006,4,2.5446,1.3349
2006-05-01,2006,5,2.411,1.3245
2006-06-01,2006,6,2.2741,1.3278
2006-07-01,2006,7,2.3149,1.4218
2006-08-01,2006,8,2.4632,1.6224
2006-09-01,2006,9,2.4213,1.7
2006-10-01,2006,10,2.439,1.6572
2006-11-01,2006,11,2.6956,1.6929
2006-12-01,2006,12,2.8316,1.6903
2007-01-01,2007,1,2.7454,1.7445
2007-02-01,2007,2,2.6903,1.7434
2007-03-01,2007,3,2.5812,1.6976
2007-04-01,2007,4,2.5265,1.7544
2007-05-01,2007,5,2.4965,1.8499
2007-06-01,2007,6,2.6308,2.0432
2007-07-01,2007,7,2.5933,2.0395
2007-08-01,2007,8,2.7159,1.9277
2007-09-01,2007,9,2.8228,2.0454
2007-10-01,2007,10,2.9606,2.0084
2007-11-01,2007,11,2.8881,2.0413
2007-12-01,2007,12,3.0331,2.0148
2008-01-01,2008,1,3.0834,2.1872
2008-02-01,2008,2,3.4676,2.5452
2008-03-01,2008,3,3.3045,2.6879
2008-04-01,2008,4,3.1019,2.4535
2008-05-01,2008,5,3.1295,2.4004
2008-06-01,2008,6,3.2221,2.4546
2008-07-01,2008,7,3.2487,2.5404
2008-08-01,2008,8,3.2282,2.4815
2008-09-01,2008,9,3.1586,2.3232
2008-10-01,2008,10,2.7247,1.957
2008-11-01,2008,11,2.6872,2.0009
2008-12-01,2008,12,2.6228,1.819
2009-01-01,2009,1,2.8285,1.8241
2009-02-01,2009,2,2.8545,1.7685
2009-03-01,2009,3,2.8334,1.6823
2009-04-01,2009,4,2.9736,1.6651
2009-05-01,2009,5,3.3288,1.6671
2009-06-01,2009,6,3.3023,1.6268
2009-07-01,2009,7,3.1063,1.5803
2009-08-01,2009,8,3.3016,1.595
2009-09-01,2009,9,3.2745,1.6275
2009-10-01,2009,10,3.4077,1.6206
2009-11-01,2009,11,3.3557,1.5318
2009-12-01,2009,12,3.4868,1.5407
2010-01-01,2010,1,3.5031,1.545
2010-02-01,2010,2,3.4802,1.4965
2010-03-01,2010,3,3.6266,1.4826
2010-04-01,2010,4,3.7311,1.5767
2010-05-01,2010,5,3.8202,1.5567
2010-06-01,2010,6,4.2086,1.6958
2010-07-01,2010,7,4.48,1.8799
2010-08-01,2010,8,4.6648,1.8228
2010-09-01,2010,9,4.9099,1.7919
2010-10-01,2010,10,4.7981,1.8799
2010-11-01,2010,11,5.1473,2.0291
2010-12-01,2010,12,5.4712,2.0743
2011-01-01,2011,1,5.8151,2.2287
2011-02-01,2011,2,6.3469,2.4108
2011-03-01,2011,3,6.439,2.6043
2011-04-01,2011,4,6.6165,2.5876
2011-05-01,2011,5,6.4174,2.6892
2011-06-01,2011,6,6.0623,2.6003
2011-07-01,2011,7,5.9088,2.4853
2011-08-01,2011,8,5.9622,2.4707
2011-09-01,2011,9,6.0601,2.3382
2011-10-01,2011,10,5.4635,2.1627
2011-11-01,2011,11,5.4033,2.1438
2011-12-01,2011,12,5.2186,2.1696
2012-01-01,2012,1,5.2295,2.1323
2012-02-01,2012,2,4.9419,2.2472
2012-03-01,2012,3,4.437,2.2833
2012-04-01,2012,4,4.2207,2.2443
2012-05-01,2012,5,4.0708,2.3563
2012-06-01,2012,6,3.719,2.3303
2012-07-01,2012,7,4.1987,2.3603
2012-08-01,2012,8,3.8542,2.3484
2012-09-01,2012,9,3.9458,2.3137
2012-10-01,2012,10,3.821,2.3032
2012-11-01,2012,11,3.5254,2.1533
2012-12-01,2012,12,3.3673,2.1294
2013-01-01,2013,1,3.4676,2.1978
2013-02-01,2013,2,3.295,2.2935
2013-03-01,2013,3,3.3021,2.3426
2013-04-01,2013,4,3.3027,2.2417
2013-05-01,2013,5,3.2449,2.1864
2013-06-01,2013,6,3.0481,2.0015
2013-07-01,2013,7,3.0509,2.099
2013-08-01,2013,8,2.9796,2.0726
2013-09-01,2013,9,2.9163,1.9351
2013-10-01,2013,10,2.8373,1.8453
2013-11-01,2013,11,2.69,1.7572
2013-12-01,2013,12,2.7772,1.9376
2014-01-01,2014,1,2.9262,1.9341
2014-02-01,2014,2,3.8281,2.1142
2014-03-01,2014,3,4.7199,2.323
2014-04-01,2014,4,4.9269,2.327
2014-05-01,2014,5,4.7223,2.2705
2014-06-01,2014,6,4.3627,2.1806
2014-07-01,2014,7,4.3409,2.2441
2014-08-01,2014,8,4.6952,2.2101
2014-09-01,2014,9,4.6414,2.2161
2014-10-01,2014,10,4.9668,2.3082
2014-11-01,2014,11,4.616,2.2721
2014-12-01,2014,12,4.3391,2.1973
2015-01-01,2015,1,4.1888,2.1607
2015-02-01,2015,2,3.9438,2.1685
2015-03-01,2015,3,3.5437,2.0318
2015-04-01,2015,4,3.6156,2.0296
2015-05-01,2015,5,3.4939,1.9304
2015-06-01,2015,6,3.5221,1.9897
2015-07-01,2015,7,3.405,1.9207
2015-08-01,2015,8,3.4595,1.8911
2015-09-01,2015,9,3.2221,1.7968
2015-10-01,2015,10,3.3786,1.825
2015-11-01,2015,11,3.2624,1.8021
2015-12-01,2015,12,3.2774,1.7478
2016-01-01,2016,1,3.1974,1.6471
2016-02-01,2016,2,3.2562,1.6323
2016-03-01,2016,3,3.4723,1.6667
2016-04-01,2016,4,3.4,1.7677
2016-05-01,2016,5,3.4213,1.8503
2016-06-01,2016,6,3.6475,1.8947
2016-07-01,2016,7,3.7867,2.0022
2016-08-01,2016,8,3.6936,2.0236
2016-09-01,2016,9,3.8867,2.1358
2016-10-01,2016,10,3.9454,2.2851
2016-11-01,2016,11,4.0591,2.2866
2016-12-01,2016,12,3.5666,2.2454
2017-01-01,2017,1,3.7172,2.388
2017-02-01,2017,2,3.6674,2.3477
2017-03-01,2017,3,3.5307,2.353
2017-04-01,2017,4,3.426,2.2835
2017-05-01,2017,5,3.3069,2.1685
2017-06-01,2017,6,3.1575,2.2476
2017-07-01,2017,7,3.2994,2.3135
2017-08-01,2017,8,3.3043,2.3043
2017-09-01,2017,9,3.2311,2.1865
2017-10-01,2017,10,3.1021,2.1691
2017-11-01,2017,11,3.1063,2.0135
2017-12-01,2017,12,3.0296,1.931
2018-01-01,2018,1,3.0602,1.9544
2018-02-01,2018,2,3.0045,1.9674
2018-03-01,2018,3,2.9769,1.944
2018-04-01,2018,4,2.9617,1.9469
2018-05-01,2018,5,2.9897,1.9564
2018-06-01,2018,6,2.9549,1.8975
2018-07-01,2018,7,2.8792,1.8611
2018-08-01,2018,8,2.7604,1.78
2018-09-01,2018,9,2.6716,1.6909
2018-10-01,2018,10,3.0278,1.881
2018-11-01,2018,11,3.0228,1.8413
2018-12-01,2018,12,2.8021,1.7101
2019-01-01,2019,1,2.8321,1.7249
2019-02-01,2019,2,2.8318,1.7339
2019-03-01,2019,3,2.7313,1.6967
2019-04-01,2019,4,2.6705,1.6155
2019-05-01,2019,5,2.6577,1.5679
2019-06-01,2019,6,2.8601,1.6319
2019-07-01,2019,7,2.9866,1.6299
2019-08-01,2019,8,2.7829,1.5602
2019-09-01,2019,9,2.8415,1.5573
2019-10-01,2019,10,2.7996,1.513
2019-11-01,2019,11,3.1081,1.6155
2019-12-01,2019,12,3.4551,1.6144
2020-01-01,2020,1,3.1347,1.5554
2020-02-01,2020,2,2.9873,1.5007
2020-03-01,2020,3,3.2701,1.4872
2020-04-01,2020,4,3.4066,1.4101
2020-05-01,2020,5,3.3034,1.4226
2020-06-01,2020,6,3.12,1.4246
2020-07-01,2020,7,3.2359,1.4923
2020-08-01,2020,8,3.599,1.6023
2020-09-01,2020,9,3.672,1.6043
2020-10-01,2020,10,3.3523,1.5071
2020-11-01,2020,11,3.323,1.5957
2020-12-01,2020,12,3.4791,1.5882
2021-01-01,2021,1,3.5424,1.5593
2021-02-01,2021,2,3.6691,1.6175
2021-03-01,2021,3,3.6828,1.6283
2021-04-01,2021,4,3.7181,1.6416
2021-05-01,2021,5,4.1107,1.7566
2021-06-01,2021,6,4.243,1.8702
2021-07-01,2021,7,4.5038,2.0805
2021-08-01,2021,8,4.7673,2.0984
2021-09-01,2021,9,4.9723,2.306
2021-10-01,2021,10,5.3145,2.3201
2021-11-01,2021,11,5.7091,2.4119
2021-12-01,2021,12,5.9101,2.4837
2022-01-01,2022,1,5.9763,2.4251
2022-02-01,2022,2,6.1692,2.4125
2022-03-01,2022,3,5.6985,2.2888
2022-04-01,2022,4,5.8541,2.291
2022-05-01,2022,5,5.7413,2.273
2022-06-01,2022,6,6.0338,2.2886
2022-07-01,2022,7,5.6392,2.2121
2022-08-01,2022,8,5.9179,2.4174
2022-09-01,2022,9,5.8971,2.4551
2022-10-01,2022,10,5.2929,2.271
2022-11-01,2022,11,4.7155,2.0413
2022-12-01,2022,12,4.6295,2.0454
2023-01-01,2023,1,4.5583,2.116
2023-02-01,2023,2,5.0647,2.2913
2023-03-01,2023,3,4.9022,2.3477
2023-04-01,2023,4,5.0609,2.5507
2023-05-01,2023,5,4.8528,2.7018
2023-06-01,2023,6,4.5722,2.913
2023-07-01,2023,7,4.2657,2.8127
2023-08-01,2023,8,4.1167,2.7474
2023-09-01,2023,9,4.0459,2.7313
2023-10-01,2023,10,4.0477,2.62
2023-11-01,2023,11,4.3471,2.7035
2023-12-01,2023,12,4.6465,2.9866
2024-01-01,2024,1,4.4732,3.2639
2024-02-01,2024,2,4.6028,3.3781
2024-03-01,2024,3,4.605,3.6564
2024-04-01,2024,4,5.2743,4.2335
2024-05-01,2024,5,5.0832,4.0422
2024-06-01,2024,6,5.4761,4.5043
2024-07-01,2024,7,5.6681,4.7338
2024-08-01,2024,8,5.7638,4.7329
2024-09-01,2024,9,6.1247,5.3303
2024-10-01,2024,10,6.1017,4.8923
2024-11-01,2024,11,6.7237,4.9849
2024-12-01,2024,12,7.5693,5.219
2025-01-01,2025,1,7.8147,5.4077
2025-02-01,2025,2,9.0493,5.8125
2025-03-01,2025,3,8.9195,5.6899
2025-04-01,2025,4,8.6359,5.4251
2025-05-01,2025,5,8.7709,5.2415
2025-06-01,2025,6,8.0063,4.3257
2025-07-01,2025,7,7.176,3.6859
2025-08-01,2025,8,8.076,4.3901
2025-09-01,2025,9,8.8315,4.6575
2025-10-01,2025,10,8.902,4.7413
2025-11-01,2025,11,9.0458,4.7379
2025-12-01,2025,12,8.4047,4.2013
