date,period,year,month,month_name,arabica_usd_kg,robusta_usd_kg,usdvnd_rate,arabica_vnd_kg,robusta_vnd_kg
1960-01-01,1960-01,1960,1,Jan 1960,0.9409,0.6969,1.0,1.0,1.0
1960-02-01,1960-02,1960,2,Feb 1960,0.9469,0.6887,1.0,1.0,1.0
1960-03-01,1960-03,1960,3,Mar 1960,0.9281,0.6887,1.0,1.0,1.0
1960-04-01,1960-04,1960,4,Apr 1960,0.9303,0.6845,1.0,1.0,1.0
1960-05-01,1960-05,1960,5,May 1960,0.92,0.6907,1.0,1.0,1.0
1960-06-01,1960-06,1960,6,Jun 1960,0.9123,0.6969,1.0,1.0,1.0
1960-07-01,1960-07,1960,7,Jul 1960,0.916,0.6907,1.0,1.0,1.0
1960-08-01,1960-08,1960,8,Aug 1960,0.9292,0.6988,1.0,1.0,1.0
1960-09-01,1960-09,1960,9,Sep 1960,0.9226,0.7028,1.0,1.0,1.0
1960-10-01,1960-10,1960,10,Oct 1960,0.9237,0.7068,1.0,1.0,1.0
1960-11-01,1960-11,1960,11,Nov 1960,0.9116,0.709,1.0,1.0,1.0
1960-12-01,1960-12,1960,12,Dec 1960,0.9006,0.6969,1.0,1.0,1.0
1961-01-01,1961-01,1961,1,Jan 1961,0.9145,0.6766,1.0,1.0,1.0
1961-02-01,1961-02,1961,2,Feb 1961,0.9167,0.6766,1.0,1.0,1.0
1961-03-01,1961-03,1961,3,Mar 1961,0.9105,0.6684,1.0,1.0,1.0
1961-04-01,1961-04,1961,4,Apr 1961,0.9017,0.6645,1.0,1.0,1.0
1961-05-01,1961-05,1961,5,May 1961,0.8929,0.6623,1.0,1.0,1.0
1961-06-01,1961-06,1961,6,Jun 1961,0.8891,0.6664,1.0,1.0,1.0
1961-07-01,1961-07,1961,7,Jul 1961,0.8929,0.6684,1.0,1.0,1.0
1961-08-01,1961-08,1961,8,Aug 1961,0.8935,0.6684,1.0,1.0,1.0
1961-09-01,1961-09,1961,9,Sep 1961,0.8891,0.6724,1.0,1.0,1.0
1961-10-01,1961-10,1961,10,Oct 1961,0.8852,0.6724,1.0,1.0,1.0
1961-11-01,1961-11,1961,11,Nov 1961,0.883,0.6704,1.0,1.0,1.0
1961-12-01,1961-12,1961,12,Dec 1961,0.8774,0.6664,1.0,1.0,1.0
1962-01-01,1962-01,1962,1,Jan 1962,0.8774,0.6684,1.0,1.0,1.0
1962-02-01,1962-02,1962,2,Feb 1962,0.877,0.6684,1.0,1.0,1.0
1962-03-01,1962-03,1962,3,Mar 1962,0.8609,0.6704,1.0,1.0,1.0
1962-04-01,1962-04,1962,4,Apr 1962,0.8466,0.6744,1.0,1.0,1.0
1962-05-01,1962-05,1962,5,May 1962,0.8256,0.6724,1.0,1.0,1.0
1962-06-01,1962-06,1962,6,Jun 1962,0.8047,0.6724,1.0,1.0,1.0
1962-07-01,1962-07,1962,7,Jul 1962,0.8131,0.6766,1.0,1.0,1.0
1962-08-01,1962-08,1962,8,Aug 1962,0.819,0.6845,1.0,1.0,1.0
1962-09-01,1962-09,1962,9,Sep 1962,0.8256,0.6947,1.0,1.0,1.0
1962-10-01,1962-10,1962,10,Oct 1962,0.8109,0.6947,1.0,1.0,1.0
1962-11-01,1962-11,1962,11,Nov 1962,0.8124,0.6927,1.0,1.0,1.0
1962-12-01,1962-12,1962,12,Dec 1962,0.8179,0.7169,1.0,1.0,1.0
1963-01-01,1963-01,1963,1,Jan 1963,0.8267,0.6521,1.0,1.0,1.0
1963-02-01,1963-02,1963,2,Feb 1963,0.8031,0.6138,1.0,1.0,1.0
1963-03-01,1963-03,1963,3,Mar 1963,0.8109,0.6157,1.0,1.0,1.0
1963-04-01,1963-04,1963,4,Apr 1963,0.808,0.6157,1.0,1.0,1.0
1963-05-01,1963-05,1963,5,May 1963,0.797,0.6118,1.0,1.0,1.0
1963-06-01,1963-06,1963,6,Jun 1963,0.7992,0.6118,1.0,1.0,1.0
1963-07-01,1963-07,1963,7,Jul 1963,0.8064,0.6157,1.0,1.0,1.0
1963-08-01,1963-08,1963,8,Aug 1963,0.8047,0.6118,1.0,1.0,1.0
1963-09-01,1963-09,1963,9,Sep 1963,0.802,0.6239,1.0,1.0,1.0
1963-10-01,1963-10,1963,10,Oct 1963,0.8042,0.6259,1.0,1.0,1.0
1963-11-01,1963-11,1963,11,Nov 1963,0.8069,0.6318,1.0,1.0,1.0
1963-12-01,1963-12,1963,12,Dec 1963,0.7998,0.6521,1.0,1.0,1.0
1964-01-01,1964-01,1964,1,Jan 1964,0.9259,0.7008,1.0,1.0,1.0
1964-02-01,1964-02,1964,2,Feb 1964,0.9414,0.7211,1.0,1.0,1.0
1964-03-01,1964-03,1964,3,Mar 1964,1.0351,0.7798,1.0,1.0,1.0
1964-04-01,1964-04,1964,4,Apr 1964,1.0042,0.8161,1.0,1.0,1.0
1964-05-01,1964-05,1964,5,May 1964,1.0203,0.8285,1.0,1.0,1.0
1964-06-01,1964-06,1964,6,Jun 1964,1.0053,0.8466,1.0,1.0,1.0
1964-07-01,1964-07,1964,7,Jul 1964,1.0214,0.8183,1.0,1.0,1.0
1964-08-01,1964-08,1964,8,Aug 1964,1.049,0.8183,1.0,1.0,1.0
1964-09-01,1964-09,1964,9,Sep 1964,1.0373,0.7899,1.0,1.0,1.0
1964-10-01,1964-10,1964,10,Oct 1964,1.0379,0.7738,1.0,1.0,1.0
1964-11-01,1964-11,1964,11,Nov 1964,1.034,0.7879,1.0,1.0,1.0
1964-12-01,1964-12,1964,12,Dec 1964,1.0053,0.7637,1.0,1.0,1.0
1965-01-01,1965-01,1965,1,Jan 1965,1.0119,0.6283,1.0,1.0,1.0
1965-02-01,1965-02,1965,2,Feb 1965,1.0384,0.6371,1.0,1.0,1.0
1965-03-01,1965-03,1965,3,Mar 1965,0.9899,0.5798,1.0,1.0,1.0
1965-04-01,1965-04,1965,4,Apr 1965,0.9744,0.547,1.0,1.0,1.0
1965-05-01,1965-05,1965,5,May 1965,0.9612,0.4872,1.0,1.0,0.0
1965-06-01,1965-06,1965,6,Jun 1965,0.9811,0.6131,1.0,1.0,1.0
1965-07-01,1965-07,1965,7,Jul 1965,0.9811,0.7163,1.0,1.0,1.0
1965-08-01,1965-08,1965,8,Aug 1965,1.0009,0.795,1.0,1.0,1.0
1965-09-01,1965-09,1965,9,Sep 1965,0.9987,0.7776,1.0,1.0,1.0
1965-10-01,1965-10,1965,10,Oct 1965,1.0097,0.8073,1.0,1.0,1.0
1965-11-01,1965-11,1965,11,Nov 1965,1.0251,0.7568,1.0,1.0,1.0
1965-12-01,1965-12,1965,12,Dec 1965,1.0318,0.7936,1.0,1.0,1.0
1966-01-01,1966-01,1966,1,Jan 1966,1.0119,0.8016,1.0,1.0,1.0
1966-02-01,1966-02,1966,2,Feb 1966,0.9722,0.7577,1.0,1.0,1.0
1966-03-01,1966-03,1966,3,Mar 1966,0.9546,0.7438,1.0,1.0,1.0
1966-04-01,1966-04,1966,4,Apr 1966,0.9546,0.7606,1.0,1.0,1.0
1966-05-01,1966-05,1966,5,May 1966,0.9458,0.7652,1.0,1.0,1.0
1966-06-01,1966-06,1966,6,Jun 1966,0.9237,0.741,1.0,1.0,1.0
1966-07-01,1966-07,1966,7,Jul 1966,0.9171,0.7291,1.0,1.0,1.0
1966-08-01,1966-08,1966,8,Aug 1966,0.9171,0.7189,1.0,1.0,1.0
1966-09-01,1966-09,1966,9,Sep 1966,0.8995,0.6995,1.0,1.0,1.0
1966-10-01,1966-10,1966,10,Oct 1966,0.8885,0.7171,1.0,1.0,1.0
1966-11-01,1966-11,1966,11,Nov 1966,0.8869,0.72,1.0,1.0,1.0
1966-12-01,1966-12,1966,12,Dec 1966,0.8728,0.7152,1.0,1.0,1.0
1967-01-01,1967-01,1967,1,Jan 1967,0.8501,0.7057,1.0,1.0,1.0
1967-02-01,1967-02,1967,2,Feb 1967,0.8441,0.7286,1.0,1.0,1.0
1967-03-01,1967-03,1967,3,Mar 1967,0.8228,0.7257,1.0,1.0,1.0
1967-04-01,1967-04,1967,4,Apr 1967,0.8508,0.7471,1.0,1.0,1.0
1967-05-01,1967-05,1967,5,May 1967,0.8891,0.7703,1.0,1.0,1.0
1967-06-01,1967-06,1967,6,Jun 1967,0.9092,0.7824,1.0,1.0,1.0
1967-07-01,1967-07,1967,7,Jul 1967,0.9026,0.7407,1.0,1.0,1.0
1967-08-01,1967-08,1967,8,Aug 1967,0.8761,0.7176,1.0,1.0,1.0
1967-09-01,1967-09,1967,9,Sep 1967,0.8607,0.724,1.0,1.0,1.0
1967-10-01,1967-10,1967,10,Oct 1967,0.8472,0.7295,1.0,1.0,1.0
1967-11-01,1967-11,1967,11,Nov 1967,0.8666,0.7478,1.0,1.0,1.0
1967-12-01,1967-12,1967,12,Dec 1967,0.8512,0.75,1.0,1.0,1.0
1968-01-01,1968-01,1968,1,Jan 1968,0.866,0.7597,1.0,1.0,1.0
1968-02-01,1968-02,1968,2,Feb 1968,0.8691,0.7566,1.0,1.0,1.0
1968-03-01,1968-03,1968,3,Mar 1968,0.8821,0.7548,1.0,1.0,1.0
1968-04-01,1968-04,1968,4,Apr 1968,0.886,0.7533,1.0,1.0,1.0
1968-05-01,1968-05,1968,5,May 1968,0.8816,0.7551,1.0,1.0,1.0
1968-06-01,1968-06,1968,6,Jun 1968,0.888,0.7566,1.0,1.0,1.0
1968-07-01,1968-07,1968,7,Jul 1968,0.8814,0.7498,1.0,1.0,1.0
1968-08-01,1968-08,1968,8,Aug 1968,0.8662,0.7476,1.0,1.0,1.0
1968-09-01,1968-09,1968,9,Sep 1968,0.8538,0.7493,1.0,1.0,1.0
1968-10-01,1968-10,1968,10,Oct 1968,0.8545,0.7401,1.0,1.0,1.0
1968-11-01,1968-11,1968,11,Nov 1968,0.8486,0.7233,1.0,1.0,1.0
1968-12-01,1968-12,1968,12,Dec 1968,0.8267,0.7094,1.0,1.0,1.0
1969-01-01,1969-01,1969,1,Jan 1969,0.8261,0.7066,1.0,1.0,1.0
1969-02-01,1969-02,1969,2,Feb 1969,0.8419,0.7081,1.0,1.0,1.0
1969-03-01,1969-03,1969,3,Mar 1969,0.8294,0.6872,1.0,1.0,1.0
1969-04-01,1969-04,1969,4,Apr 1969,0.8135,0.6589,1.0,1.0,1.0
1969-05-01,1969-05,1969,5,May 1969,0.8093,0.6497,1.0,1.0,1.0
1969-06-01,1969-06,1969,6,Jun 1969,0.795,0.6772,1.0,1.0,1.0
1969-07-01,1969-07,1969,7,Jul 1969,0.7776,0.6872,1.0,1.0,1.0
1969-08-01,1969-08,1969,8,Aug 1969,0.8126,0.7246,1.0,1.0,1.0
1969-09-01,1969-09,1969,9,Sep 1969,0.9026,0.763,1.0,1.0,1.0
1969-10-01,1969-10,1969,10,Oct 1969,1.0401,0.845,1.0,1.0,1.0
1969-11-01,1969-11,1969,11,Nov 1969,1.0247,0.8208,1.0,1.0,1.0
1969-12-01,1969-12,1969,12,Dec 1969,1.0479,0.8285,1.0,1.0,1.0
1970-01-01,1970-01,1970,1,Jan 1970,1.1369,0.862,1.0,1.0,1.0
1970-02-01,1970-02,1970,2,Feb 1970,1.1453,0.8474,1.0,1.0,1.0
1970-03-01,1970-03,1970,3,Mar 1970,1.1711,0.8679,1.0,1.0,1.0
1970-04-01,1970-04,1970,4,Apr 1970,1.2028,0.9129,1.0,1.0,1.0
1970-05-01,1970-05,1970,5,May 1970,1.217,0.94,1.0,1.0,1.0
1970-06-01,1970-06,1970,6,Jun 1970,1.2061,0.9299,1.0,1.0,1.0
1970-07-01,1970-07,1970,7,Jul 1970,1.2121,0.9425,1.0,1.0,1.0
1970-08-01,1970-08,1970,8,Aug 1970,1.1828,0.9447,1.0,1.0,1.0
1970-09-01,1970-09,1970,9,Sep 1970,1.1603,0.9387,1.0,1.0,1.0
1970-10-01,1970-10,1970,10,Oct 1970,1.1197,0.9416,1.0,1.0,1.0
1970-11-01,1970-11,1970,11,Nov 1970,1.0278,0.916,1.0,1.0,1.0
1970-12-01,1970-12,1970,12,Dec 1970,0.9775,0.9191,1.0,1.0,1.0
1971-01-01,1971-01,1971,1,Jan 1971,1.0031,0.9299,1.0,1.0,1.0
1971-02-01,1971-02,1971,2,Feb 1971,0.9833,0.9297,1.0,1.0,1.0
1971-03-01,1971-03,1971,3,Mar 1971,1.0143,0.9407,1.0,1.0,1.0
1971-04-01,1971-04,1971,4,Apr 1971,0.9894,0.94,1.0,1.0,1.0
1971-05-01,1971-05,1971,5,May 1971,1.0183,0.94,1.0,1.0,1.0
1971-06-01,1971-06,1971,6,Jun 1971,1.0022,0.9341,1.0,1.0,1.0
1971-07-01,1971-07,1971,7,Jul 1971,0.9927,0.9283,1.0,1.0,1.0
1971-08-01,1971-08,1971,8,Aug 1971,1.0051,0.9299,1.0,1.0,1.0
1971-09-01,1971-09,1971,9,Sep 1971,0.9645,0.9244,1.0,1.0,1.0
1971-10-01,1971-10,1971,10,Oct 1971,0.9431,0.9191,1.0,1.0,1.0
1971-11-01,1971-11,1971,11,Nov 1971,0.9658,0.9255,1.0,1.0,1.0
1971-12-01,1971-12,1971,12,Dec 1971,1.0207,0.9374,1.0,1.0,1.0
1972-01-01,1972-01,1972,1,Jan 1972,0.9905,0.9297,1.0,1.0,1.0
1972-02-01,1972-02,1972,2,Feb 1972,0.9996,0.9308,1.0,1.0,1.0
1972-03-01,1972-03,1972,3,Mar 1972,1.0192,0.9495,1.0,1.0,1.0
1972-04-01,1972-04,1972,4,Apr 1972,1.0115,0.9627,1.0,1.0,1.0
1972-05-01,1972-05,1972,5,May 1972,1.0377,0.9647,1.0,1.0,1.0
1972-06-01,1972-06,1972,6,Jun 1972,1.0697,0.9625,1.0,1.0,1.0
1972-07-01,1972-07,1972,7,Jul 1972,1.2361,1.0439,1.0,1.0,1.0
1972-08-01,1972-08,1972,8,Aug 1972,1.2009,1.0406,1.0,1.0,1.0
1972-09-01,1972-09,1972,9,Sep 1972,1.1687,1.0346,1.0,1.0,1.0
1972-10-01,1972-10,1972,10,Oct 1972,1.1779,1.0368,1.0,1.0,1.0
1972-11-01,1972-11,1972,11,Nov 1972,1.1859,1.0443,1.0,1.0,1.0
1972-12-01,1972-12,1972,12,Dec 1972,1.2174,1.0529,1.0,1.0,1.0
1973-01-01,1973-01,1973,1,Jan 1973,1.278,1.054,1.0,1.0,1.0
1973-02-01,1973-02,1973,2,Feb 1973,1.4542,1.0919,1.0,1.0,1.0
1973-03-01,1973-03,1973,3,Mar 1973,1.4193,1.1098,1.0,1.0,1.0
1973-04-01,1973-04,1973,4,Apr 1973,1.291,1.0776,1.0,1.0,1.0
1973-05-01,1973-05,1973,5,May 1973,1.4151,1.0745,1.0,1.0,1.0
1973-06-01,1973-06,1973,6,Jun 1973,1.4147,1.0776,1.0,1.0,1.0
1973-07-01,1973-07,1973,7,Jul 1973,1.3567,1.0582,1.0,1.0,1.0
1973-08-01,1973-08,1973,8,Aug 1973,1.3307,1.045,1.0,1.0,1.0
1973-09-01,1973-09,1973,9,Sep 1973,1.3272,1.1045,1.0,1.0,1.0
1973-10-01,1973-10,1973,10,Oct 1973,1.3779,1.1464,1.0,1.0,1.0
1973-11-01,1973-11,1973,11,Nov 1973,1.3931,1.1684,1.0,1.0,1.0
1973-12-01,1973-12,1973,12,Dec 1973,1.4235,1.1905,1.0,1.0,1.0
1974-01-01,1974-01,1974,1,Jan 1974,1.5304,1.2266,1.0,2.0,1.0
1974-02-01,1974-02,1974,2,Feb 1974,1.6466,1.3349,1.0,2.0,1.0
1974-03-01,1974-03,1974,3,Mar 1974,1.5754,1.3827,1.0,2.0,1.0
1974-04-01,1974-04,1974,4,Apr 1974,1.5498,1.4116,1.0,2.0,1.0
1974-05-01,1974-05,1974,5,May 1974,1.5657,1.4226,1.0,2.0,1.0
1974-06-01,1974-06,1974,6,Jun 1974,1.5898,1.3624,1.0,2.0,1.0
1974-07-01,1974-07,1974,7,Jul 1974,1.5232,1.3036,1.0,2.0,1.0
1974-08-01,1974-08,1974,8,Aug 1974,1.379,1.2348,1.0,1.0,1.0
1974-09-01,1974-09,1974,9,Sep 1974,1.2039,1.1887,1.0,1.0,1.0
1974-10-01,1974-10,1974,10,Oct 1974,1.2518,1.2112,1.0,1.0,1.0
1974-11-01,1974-11,1974,11,Nov 1974,1.3069,1.2271,1.0,1.0,1.0
1974-12-01,1974-12,1974,12,Dec 1974,1.2959,1.2165,1.0,1.0,1.0
1975-01-01,1975-01,1975,1,Jan 1975,1.2311,1.1975,1.0,1.0,1.0
1975-02-01,1975-02,1975,2,Feb 1975,1.1788,1.155,1.0,1.0,1.0
1975-03-01,1975-03,1975,3,Mar 1975,1.1034,1.0943,1.0,1.0,1.0
1975-04-01,1975-04,1975,4,Apr 1975,1.0503,1.0809,1.0,1.0,1.0
1975-05-01,1975-05,1975,5,May 1975,1.121,1.0476,1.0,1.0,1.0
1975-06-01,1975-06,1975,6,Jun 1975,1.233,1.0877,1.0,1.0,1.0
1975-07-01,1975-07,1975,7,Jul 1975,1.4478,1.2936,1.0,1.0,1.0
1975-08-01,1975-08,1975,8,Aug 1975,1.8404,1.6986,1.0,2.0,2.0
1975-09-01,1975-09,1975,9,Sep 1975,1.7831,1.6777,1.0,2.0,2.0
1975-10-01,1975-10,1975,10,Oct 1975,1.7723,1.6109,1.0,2.0,2.0
1975-11-01,1975-11,1975,11,Nov 1975,1.709,1.5743,1.0,2.0,2.0
1975-12-01,1975-12,1975,12,Dec 1975,1.8353,1.632,1.0,2.0,2.0
1976-01-01,1976-01,1976,1,Jan 1976,2.047,1.7445,2.37,5.0,4.0
1976-02-01,1976-02,1976,2,Feb 1976,2.1874,1.8223,2.37,5.0,4.0
1976-03-01,1976-03,1976,3,Mar 1976,2.1958,1.8159,2.37,5.0,4.0
1976-04-01,1976-04,1976,4,Apr 1976,2.7002,2.3763,2.37,6.0,6.0
1976-05-01,1976-05,1976,5,May 1976,2.9864,2.6816,2.37,7.0,6.0
1976-06-01,1976-06,1976,6,Jun 1976,3.2977,2.8673,2.37,8.0,7.0
1976-07-01,1976-07,1976,7,Jul 1976,3.0256,2.7841,2.37,7.0,7.0
1976-08-01,1976-08,1976,8,Aug 1976,3.3848,2.9158,2.37,8.0,7.0
1976-09-01,1976-09,1976,9,Sep 1976,3.5133,3.022,2.37,8.0,7.0
1976-10-01,1976-10,1976,10,Oct 1976,3.8215,3.3487,2.37,9.0,8.0
1976-11-01,1976-11,1976,11,Nov 1976,4.0342,3.8858,2.37,10.0,9.0
1976-12-01,1976-12,1976,12,Dec 1976,4.566,4.4964,2.37,11.0,11.0
1977-01-01,1977-01,1977,1,Jan 1977,4.8272,4.7676,2.37,11.0,11.0
1977-02-01,1977-02,1977,2,Feb 1977,5.4119,5.4314,2.37,13.0,13.0
1977-03-01,1977-03,1977,3,Mar 1977,6.7058,6.748,2.37,16.0,16.0
1977-04-01,1977-04,1977,4,Apr 1977,7.0036,6.8835,2.37,17.0,16.0
1977-05-01,1977-05,1977,5,May 1977,6.2889,5.9426,2.37,15.0,14.0
1977-06-01,1977-06,1977,6,Jun 1977,5.7781,4.9387,2.37,14.0,12.0
1977-07-01,1977-07,1977,7,Jul 1977,4.8488,4.3318,2.37,11.0,10.0
1977-08-01,1977-08,1977,8,Aug 1977,4.396,4.4826,2.37,10.0,11.0
1977-09-01,1977-09,1977,9,Sep 1977,4.1778,4.4422,2.37,10.0,11.0
1977-10-01,1977-10,1977,10,Oct 1977,3.7703,3.8344,2.37,9.0,9.0
1977-11-01,1977-11,1977,11,Nov 1977,4.3466,3.6752,2.37,10.0,9.0
1977-12-01,1977-12,1977,12,Dec 1977,4.4714,3.7162,2.37,11.0,9.0
1978-01-01,1978-01,1978,1,Jan 1978,4.545,3.905,2.37,11.0,9.0
1978-02-01,1978-02,1978,2,Feb 1978,4.3561,3.8483,2.37,10.0,9.0
1978-03-01,1978-03,1978,3,Mar 1978,3.8576,3.4753,2.37,9.0,8.0
1978-04-01,1978-04,1978,4,Apr 1978,3.9368,3.1922,2.37,9.0,8.0
1978-05-01,1978-05,1978,5,May 1978,3.7397,3.0002,2.37,9.0,7.0
1978-06-01,1978-06,1978,6,Jun 1978,3.7148,3.332,2.37,9.0,8.0
1978-07-01,1978-07,1978,7,Jul 1978,2.9498,2.7897,2.37,7.0,7.0
1978-08-01,1978-08,1978,8,Aug 1978,3.0472,2.8318,2.37,7.0,7.0
1978-09-01,1978-09,1978,9,Sep 1978,3.4244,3.2386,2.37,8.0,8.0
1978-10-01,1978-10,1978,10,Oct 1978,3.3964,3.3096,2.37,8.0,8.0
1978-11-01,1978-11,1978,11,Nov 1978,3.2223,3.1804,2.37,8.0,8.0
1978-12-01,1978-12,1978,12,Dec 1978,2.8898,2.9119,2.37,7.0,7.0
1979-01-01,1979-01,1979,1,Jan 1979,2.8349,2.9377,2.37,7.0,7.0
1979-02-01,1979-02,1979,2,Feb 1979,2.7119,2.9211,2.37,6.0,7.0
1979-03-01,1979-03,1979,3,Mar 1979,2.8735,2.9809,2.37,7.0,7.0
1979-04-01,1979-04,1979,4,Apr 1979,3.0563,3.1262,2.37,7.0,7.0
1979-05-01,1979-05,1979,5,May 1979,3.3023,3.2558,2.37,8.0,8.0
1979-06-01,1979-06,1979,6,Jun 1979,4.2589,4.1621,2.37,10.0,10.0
1979-07-01,1979-07,1979,7,Jul 1979,4.4899,4.3241,2.37,11.0,10.0
1979-08-01,1979-08,1979,8,Aug 1979,4.353,4.0111,2.37,10.0,10.0
1979-09-01,1979-09,1979,9,Sep 1979,4.5717,4.2293,2.37,11.0,10.0
1979-10-01,1979-10,1979,10,Oct 1979,4.6207,4.064,2.37,11.0,10.0
1979-11-01,1979-11,1979,11,Nov 1979,4.5574,3.909,2.37,11.0,9.0
1979-12-01,1979-12,1979,12,Dec 1979,4.2831,3.902,2.37,10.0,9.0
1980-01-01,1980-01,1980,1,Jan 1980,3.8078,3.5713,2.37,9.0,8.0
1980-02-01,1980-02,1980,2,Feb 1980,3.7102,3.5521,2.37,9.0,8.0
1980-03-01,1980-03,1980,3,Mar 1980,4.1173,3.7225,2.37,10.0,9.0
1980-04-01,1980-04,1980,4,Apr 1980,4.0528,3.6464,2.37,10.0,9.0
1980-05-01,1980-05,1980,5,May 1980,4.2315,3.8848,2.37,10.0,9.0
1980-06-01,1980-06,1980,6,Jun 1980,4.0503,3.7613,2.37,10.0,9.0
1980-07-01,1980-07,1980,7,Jul 1980,3.5164,3.2809,2.37,8.0,8.0
1980-08-01,1980-08,1980,8,Aug 1980,3.1001,2.9496,2.37,7.0,7.0
1980-09-01,1980-09,1980,9,Sep 1980,2.8559,2.7567,2.37,7.0,7.0
1980-10-01,1980-10,1980,10,Oct 1980,2.8373,2.7242,2.37,7.0,6.0
1980-11-01,1980-11,1980,11,Nov 1980,2.5986,2.5183,2.37,6.0,6.0
1980-12-01,1980-12,1980,12,Dec 1980,2.7172,2.5505,2.37,6.0,6.0
1981-01-01,1981-01,1981,1,Jan 1981,2.8894,2.6283,8.35,24.0,22.0
1981-02-01,1981-02,1981,2,Feb 1981,2.8517,2.4886,8.35,24.0,21.0
1981-03-01,1981-03,1981,3,Mar 1981,2.8574,2.4723,8.35,24.0,21.0
1981-04-01,1981-04,1981,4,Apr 1981,2.8887,2.4507,8.35,24.0,20.0
1981-05-01,1981-05,1981,5,May 1981,2.8329,2.3477,8.35,24.0,20.0
1981-06-01,1981-06,1981,6,Jun 1981,2.5104,1.8583,8.35,21.0,16.0
1981-07-01,1981-07,1981,7,Jul 1981,2.6691,1.9357,8.35,22.0,16.0
1981-08-01,1981-08,1981,8,Aug 1981,2.782,1.9786,8.35,23.0,17.0
1981-09-01,1981-09,1981,9,Sep 1981,2.8038,1.9703,8.35,23.0,16.0
1981-10-01,1981-10,1981,10,Oct 1981,3.0225,2.1656,8.35,25.0,18.0
1981-11-01,1981-11,1981,11,Nov 1981,3.1804,2.3135,8.35,27.0,19.0
1981-12-01,1981-12,1981,12,Dec 1981,3.1343,2.273,8.35,26.0,19.0
1982-01-01,1982-01,1982,1,Jan 1982,3.1786,2.3076,8.35,27.0,19.0
1982-02-01,1982-02,1982,2,Feb 1982,3.4046,2.5168,8.35,28.0,21.0
1982-03-01,1982-03,1982,3,Mar 1982,3.2196,2.4685,8.35,27.0,21.0
1982-04-01,1982-04,1982,4,Apr 1982,3.1224,2.3455,8.35,26.0,20.0
1982-05-01,1982-05,1982,5,May 1982,3.0333,2.2822,8.35,25.0,19.0
1982-06-01,1982-06,1982,6,Jun 1982,3.1004,2.2408,8.35,26.0,19.0
1982-07-01,1982-07,1982,7,Jul 1982,2.9434,2.1678,8.35,25.0,18.0
1982-08-01,1982-08,1982,8,Aug 1982,2.9308,2.2478,8.35,24.0,19.0
1982-09-01,1982-09,1982,9,Sep 1982,3.0042,2.4092,8.35,25.0,20.0
1982-10-01,1982-10,1982,10,Oct 1982,3.0955,2.5856,8.35,26.0,22.0
1982-11-01,1982-11,1982,11,Nov 1982,3.045,2.6943,8.35,25.0,22.0
1982-12-01,1982-12,1982,12,Dec 1982,2.9729,2.8177,8.35,25.0,24.0
1983-01-01,1983-01,1983,1,Jan 1983,2.8651,2.745,1.0,3.0,3.0
1983-02-01,1983-02,1983,2,Feb 1983,2.7983,2.6846,1.0,3.0,3.0
1983-03-01,1983-03,1983,3,Mar 1983,2.7567,2.6727,1.0,3.0,3.0
1983-04-01,1983-04,1983,4,Apr 1983,2.7505,2.6727,1.0,3.0,3.0
1983-05-01,1983-05,1983,5,May 1983,2.8323,2.7152,1.0,3.0,3.0
1983-06-01,1983-06,1983,6,Jun 1983,2.8071,2.6511,1.0,3.0,3.0
1983-07-01,1983-07,1983,7,Jul 1983,2.8294,2.6469,1.0,3.0,3.0
1983-08-01,1983-08,1983,8,Aug 1983,2.8559,2.6526,1.0,3.0,3.0
1983-09-01,1983-09,1983,9,Sep 1983,2.9169,2.6877,1.0,3.0,3.0
1983-10-01,1983-10,1983,10,Oct 1983,3.1026,2.8726,1.0,3.0,3.0
1983-11-01,1983-11,1983,11,Nov 1983,3.187,2.8515,1.0,3.0,3.0
1983-12-01,1983-12,1983,12,Dec 1983,3.2333,2.9271,1.0,3.0,3.0
1984-01-01,1984-01,1984,1,Jan 1984,3.1683,2.9306,1.0,3.0,3.0
1984-02-01,1984-02,1984,2,Feb 1984,3.2168,3.0049,1.0,3.0,3.0
1984-03-01,1984-03,1984,3,Mar 1984,3.2699,3.0433,1.0,3.0,3.0
1984-04-01,1984-04,1984,4,Apr 1984,3.3116,3.0325,1.0,3.0,3.0
1984-05-01,1984-05,1984,5,May 1984,3.3124,3.2293,1.0,3.0,3.0
1984-06-01,1984-06,1984,6,Jun 1984,3.2474,3.165,1.0,3.0,3.0
1984-07-01,1984-07,1984,7,Jul 1984,3.1771,3.0402,1.0,3.0,3.0
1984-08-01,1984-08,1984,8,Aug 1984,3.2121,3.099,1.0,3.0,3.0
1984-09-01,1984-09,1984,9,Sep 1984,3.1356,3.1189,1.0,3.0,3.0
1984-10-01,1984-10,1984,10,Oct 1984,3.0175,2.9787,1.0,3.0,3.0
1984-11-01,1984-11,1984,11,Nov 1984,3.0911,2.9998,1.0,3.0,3.0
1984-12-01,1984-12,1984,12,Dec 1984,3.1041,2.7992,1.0,3.0,3.0
1985-01-01,1985-01,1985,1,Jan 1985,3.2053,2.7675,22.94,74.0,63.0
1985-02-01,1985-02,1985,2,Feb 1985,3.1764,2.7011,22.94,73.0,62.0
1985-03-01,1985-03,1985,3,Mar 1985,3.2602,2.7079,22.94,75.0,62.0
1985-04-01,1985-04,1985,4,Apr 1985,3.1189,2.702,22.94,72.0,62.0
1985-05-01,1985-05,1985,5,May 1985,3.1458,2.6685,22.94,72.0,61.0
1985-06-01,1985-06,1985,6,Jun 1985,3.1281,2.6497,22.94,72.0,61.0
1985-07-01,1985-07,1985,7,Jul 1985,2.9778,2.3433,22.94,68.0,54.0
1985-08-01,1985-08,1985,8,Aug 1985,2.9427,2.3466,22.94,68.0,54.0
1985-09-01,1985-09,1985,9,Sep 1985,2.9427,2.2941,22.94,68.0,53.0
1985-10-01,1985-10,1985,10,Oct 1985,3.0979,2.4544,22.94,71.0,56.0
1985-11-01,1985-11,1985,11,Nov 1985,3.4315,2.7816,22.94,79.0,64.0
1985-12-01,1985-12,1985,12,Dec 1985,4.3422,3.3669,22.94,100.0,77.0
1986-01-01,1986-01,1986,1,Jan 1986,5.2441,3.7516,22.94,120.0,86.0
1986-02-01,1986-02,1986,2,Feb 1986,5.0307,3.5721,22.94,115.0,82.0
1986-03-01,1986-03,1986,3,Mar 1986,5.2823,3.7229,22.94,121.0,85.0
1986-04-01,1986-04,1986,4,Apr 1986,4.9833,3.4703,22.94,114.0,80.0
1986-05-01,1986-05,1986,5,May 1986,4.6592,3.1416,22.94,107.0,72.0
1986-06-01,1986-06,1986,6,Jun 1986,3.9039,2.7602,22.94,90.0,63.0
1986-07-01,1986-07,1986,7,Jul 1986,3.7988,2.7761,22.94,87.0,64.0
1986-08-01,1986-08,1986,8,Aug 1986,3.8345,2.9751,22.94,88.0,68.0
1986-09-01,1986-09,1986,9,Sep 1986,4.4011,3.6062,22.94,101.0,83.0
1986-10-01,1986-10,1986,10,Oct 1986,3.9152,3.2808,22.94,90.0,75.0
1986-11-01,1986-11,1986,11,Nov 1986,3.4545,3.1337,22.94,79.0,72.0
1986-12-01,1986-12,1986,12,Dec 1986,3.0034,2.7465,22.94,69.0,63.0
1987-01-01,1987-01,1987,1,Jan 1987,2.7234,2.4996,78.95,215.0,197.0
1987-02-01,1987-02,1987,2,Feb 1987,2.6645,2.4269,78.95,210.0,192.0
1987-03-01,1987-03,1987,3,Mar 1987,2.2877,2.157,78.95,181.0,170.0
1987-04-01,1987-04,1987,4,Apr 1987,2.3712,2.229,78.95,187.0,176.0
1987-05-01,1987-05,1987,5,May 1987,2.586,2.3281,78.95,204.0,184.0
1987-06-01,1987-06,1987,6,Jun 1987,2.3176,2.1615,78.95,183.0,171.0
1987-07-01,1987-07,1987,7,Jul 1987,2.2023,2.0388,78.95,174.0,161.0
1987-08-01,1987-08,1987,8,Aug 1987,2.2531,2.0845,78.95,178.0,165.0
1987-09-01,1987-09,1987,9,Sep 1987,2.4365,2.1898,78.95,192.0,173.0
1987-10-01,1987-10,1987,10,Oct 1987,2.6319,2.2822,78.95,208.0,180.0
1987-11-01,1987-11,1987,11,Nov 1987,2.7884,2.3111,78.95,220.0,182.0
1987-12-01,1987-12,1987,12,Dec 1987,2.7972,2.2716,78.95,221.0,179.0
1988-01-01,1988-01,1988,1,Jan 1988,2.8223,2.2511,611.65,1726.0,1377.0
1988-02-01,1988-02,1988,2,Feb 1988,3.0544,2.2702,611.65,1868.0,1389.0
1988-03-01,1988-03,1988,3,Mar 1988,3.0104,2.1817,611.65,1841.0,1334.0
1988-04-01,1988-04,1988,4,Apr 1988,3.0075,2.1204,611.65,1840.0,1297.0
1988-05-01,1988-05,1988,5,May 1988,3.0567,2.0737,611.65,1870.0,1268.0
1988-06-01,1988-06,1988,6,Jun 1988,3.1718,2.0608,611.65,1940.0,1260.0
1988-07-01,1988-07,1988,7,Jul 1988,3.1299,1.881,611.65,1914.0,1151.0
1988-08-01,1988-08,1988,8,Aug 1988,2.9228,1.8001,611.65,1788.0,1101.0
1988-09-01,1988-09,1988,9,Sep 1988,3.0391,1.9789,611.65,1859.0,1210.0
1988-10-01,1988-10,1988,10,Oct 1988,2.9502,2.0744,611.65,1804.0,1269.0
1988-11-01,1988-11,1988,11,Nov 1988,2.9848,2.0428,611.65,1826.0,1249.0
1988-12-01,1988-12,1988,12,Dec 1988,3.2546,2.2151,611.65,1991.0,1355.0
1989-01-01,1989-01,1989,1,Jan 1989,3.3563,2.2342,4501.69,15109.0,10058.0
1989-02-01,1989-02,1989,2,Feb 1989,3.0854,2.1191,4501.69,13890.0,9540.0
1989-03-01,1989-03,1989,3,Mar 1989,3.0966,2.081,4501.69,13940.0,9368.0
1989-04-01,1989-04,1989,4,Apr 1989,3.172,2.011,4501.69,14279.0,9053.0
1989-05-01,1989-05,1989,5,May 1989,3.0993,2.0133,4501.69,13952.0,9063.0
1989-06-01,1989-06,1989,6,Jun 1989,2.7628,1.8464,4501.69,12437.0,8312.0
1989-07-01,1989-07,1989,7,Jul 1989,1.942,1.4383,4501.69,8742.0,6475.0
1989-08-01,1989-08,1989,8,Aug 1989,1.7308,1.314,4501.69,7792.0,5915.0
1989-09-01,1989-09,1989,9,Sep 1989,1.7289,1.3234,4501.69,7783.0,5958.0
1989-10-01,1989-10,1989,10,Oct 1989,1.5135,1.1806,4501.69,6813.0,5315.0
1989-11-01,1989-11,1989,11,Nov 1989,1.5624,1.1744,4501.69,7033.0,5287.0
1989-12-01,1989-12,1989,12,Dec 1989,1.5977,1.1317,4501.69,7192.0,5095.0
1990-01-01,1990-01,1990,1,Jan 1990,1.6761,1.0907,6537.6,10958.0,7131.0
1990-02-01,1990-02,1990,2,Feb 1990,1.8508,1.1036,6537.6,12100.0,7215.0
1990-03-01,1990-03,1990,3,Mar 1990,2.0885,1.2292,6537.6,13654.0,8036.0
1990-04-01,1990-04,1990,4,Apr 1990,2.088,1.2335,6537.6,13651.0,8064.0
1990-05-01,1990-05,1990,5,May 1990,2.0496,1.1821,6537.6,13399.0,7728.0
1990-06-01,1990-06,1990,6,Jun 1990,1.9654,1.1171,6537.6,12849.0,7303.0
1990-07-01,1990-07,1990,7,Jul 1990,1.9103,1.1039,6537.6,12489.0,7217.0
1990-08-01,1990-08,1990,8,Aug 1990,2.0818,1.1856,6537.6,13610.0,7751.0
1990-09-01,1990-09,1990,9,Sep 1990,2.103,1.228,6537.6,13749.0,8028.0
1990-10-01,1990-10,1990,10,Oct 1990,2.019,1.2392,6537.6,13199.0,8101.0
1990-11-01,1990-11,1990,11,Nov 1990,1.8678,1.2231,6537.6,12211.0,7996.0
1990-12-01,1990-12,1990,12,Dec 1990,1.9661,1.2447,6537.6,12854.0,8137.0
1991-01-01,1991-01,1991,1,Jan 1991,1.8945,1.1647,10121.89,19176.0,11789.0
1991-02-01,1991-02,1991,2,Feb 1991,1.9667,1.1435,10121.89,19907.0,11574.0
1991-03-01,1991-03,1991,3,Mar 1991,2.0628,1.1324,10121.89,20879.0,11462.0
1991-04-01,1991-04,1991,4,Apr 1991,2.0273,1.1229,10121.89,20520.0,11366.0
1991-05-01,1991-05,1991,5,May 1991,1.9375,1.0375,10121.89,19611.0,10501.0
1991-06-01,1991-06,1991,6,Jun 1991,1.891,1.0005,10121.89,19140.0,10127.0
1991-07-01,1991-07,1991,7,Jul 1991,1.8351,1.0005,10121.89,18575.0,10127.0
1991-08-01,1991-08,1991,8,Aug 1991,1.8027,0.99,10121.89,18247.0,10021.0
1991-09-01,1991-09,1991,9,Sep 1991,1.9193,1.0287,10121.89,19427.0,10412.0
1991-10-01,1991-10,1991,10,Oct 1991,1.7586,1.0115,10121.89,17800.0,10238.0
1991-11-01,1991-11,1991,11,Nov 1991,1.724,1.1112,10121.89,17450.0,11247.0
1991-12-01,1991-12,1991,12,Dec 1991,1.6612,1.1197,10121.89,16814.0,11333.0
1992-01-01,1992-01,1992,1,Jan 1992,1.6184,1.0765,11202.19,18130.0,12059.0
1992-02-01,1992-02,1992,2,Feb 1992,1.5091,0.9385,11202.19,16905.0,10513.0
1992-03-01,1992-03,1992,3,Mar 1992,1.5514,0.9389,11202.19,17379.0,10518.0
1992-04-01,1992-04,1992,4,Apr 1992,1.4533,0.9118,11202.19,16280.0,10214.0
1992-05-01,1992-05,1992,5,May 1992,1.3417,0.8307,11202.19,15030.0,9306.0
1992-06-01,1992-06,1992,6,Jun 1992,1.3027,0.8195,11202.19,14593.0,9180.0
1992-07-01,1992-07,1992,7,Jul 1992,1.2831,0.864,11202.19,14374.0,9679.0
1992-08-01,1992-08,1992,8,Aug 1992,1.1669,0.8565,11202.19,13072.0,9595.0
1992-09-01,1992-09,1992,9,Sep 1992,1.1735,0.9034,11202.19,13146.0,10120.0
1992-10-01,1992-10,1992,10,Oct 1992,1.3574,0.9742,11202.19,15206.0,10913.0
1992-11-01,1992-11,1992,11,Nov 1992,1.4839,1.0509,11202.19,16623.0,11772.0
1992-12-01,1992-12,1992,12,Dec 1992,1.7016,1.1202,11202.19,19062.0,12549.0
1993-01-01,1993-01,1993,1,Jan 1993,1.5298,1.034,10640.96,16279.0,11003.0
1993-02-01,1993-02,1993,2,Feb 1993,1.4914,1.0361,10640.96,15870.0,11025.0
1993-03-01,1993-03,1993,3,Mar 1993,1.4026,1.0119,10640.96,14925.0,10768.0
1993-04-01,1993-04,1993,4,Apr 1993,1.2758,0.9894,10640.96,13576.0,10528.0
1993-05-01,1993-05,1993,5,May 1993,1.3708,1.0179,10640.96,14587.0,10831.0
1993-06-01,1993-06,1993,6,Jun 1993,1.3779,1.0267,10640.96,14662.0,10925.0
1993-07-01,1993-07,1993,7,Jul 1993,1.5831,1.0891,10640.96,16846.0,11589.0
1993-08-01,1993-08,1993,8,Aug 1993,1.6958,1.2888,10640.96,18045.0,13714.0
1993-09-01,1993-09,1993,9,Sep 1993,1.7807,1.3779,10640.96,18948.0,14662.0
1993-10-01,1993-10,1993,10,Oct 1993,1.6896,1.299,10640.96,17979.0,13823.0
1993-11-01,1993-11,1993,11,Nov 1993,1.7328,1.355,10640.96,18439.0,14419.0
1993-12-01,1993-12,1993,12,Dec 1993,1.7921,1.3627,10640.96,19070.0,14500.0
1994-01-01,1994-01,1994,1,Jan 1994,1.7405,1.3093,10965.67,19086.0,14357.0
1994-02-01,1994-02,1994,2,Feb 1994,1.8503,1.3404,10965.67,20290.0,14698.0
1994-03-01,1994-03,1994,3,Mar 1994,1.9181,1.4265,10965.67,21033.0,15643.0
1994-04-01,1994-04,1994,4,Apr 1994,1.9967,1.5833,10965.67,21895.0,17362.0
1994-05-01,1994-05,1994,5,May 1994,2.687,2.0933,10965.67,29465.0,22954.0
1994-06-01,1994-06,1994,6,Jun 1994,3.1621,2.4776,10965.67,34675.0,27169.0
1994-07-01,1994-07,1994,7,Jul 1994,4.8256,3.6155,10965.67,52916.0,39646.0
1994-08-01,1994-08,1994,8,Aug 1994,4.4189,3.585,10965.67,48456.0,39312.0
1994-09-01,1994-09,1994,9,Sep 1994,4.8943,4.0297,10965.67,53669.0,44188.0
1994-10-01,1994-10,1994,10,Oct 1994,4.45,3.7352,10965.67,48797.0,40959.0
1994-11-01,1994-11,1994,11,Nov 1994,4.0325,3.3803,10965.67,44219.0,37067.0
1994-12-01,1994-12,1994,12,Dec 1994,3.7157,2.8601,10965.67,40745.0,31363.0
1995-01-01,1995-01,1995,1,Jan 1995,3.8056,2.8999,11038.25,42007.0,32010.0
1995-02-01,1995-02,1995,2,Feb 1995,3.7431,2.9694,11038.25,41317.0,32777.0
1995-03-01,1995-03,1995,3,Mar 1995,3.9558,3.2194,11038.25,43665.0,35537.0
1995-04-01,1995-04,1995,4,Apr 1995,3.8449,3.1918,11038.25,42441.0,35232.0
1995-05-01,1995-05,1995,5,May 1995,3.7701,3.1063,11038.25,41615.0,34288.0
1995-06-01,1995-06,1995,6,Jun 1995,3.4059,2.84,11038.25,37595.0,31349.0
1995-07-01,1995-07,1995,7,Jul 1995,3.2112,2.6403,11038.25,35446.0,29144.0
1995-08-01,1995-08,1995,8,Aug 1995,3.3777,2.87,11038.25,37284.0,31680.0
1995-09-01,1995-09,1995,9,Sep 1995,2.9643,2.5364,11038.25,32721.0,27997.0
1995-10-01,1995-10,1995,10,Oct 1995,2.8058,2.4859,11038.25,30971.0,27440.0
1995-11-01,1995-11,1995,11,Nov 1995,2.7613,2.4412,11038.25,30480.0,26947.0
1995-12-01,1995-12,1995,12,Dec 1995,2.3422,2.0479,11038.25,25854.0,22605.0
1996-01-01,1996-01,1996,1,Jan 1996,2.4394,1.9839,11032.58,26913.0,21888.0
1996-02-01,1996-02,1996,2,Feb 1996,2.7357,2.1361,11032.58,30182.0,23567.0
1996-03-01,1996-03,1996,3,Mar 1996,2.6641,2.0049,11032.58,29392.0,22119.0
1996-04-01,1996-04,1996,4,Apr 1996,2.7227,1.9989,11032.58,30038.0,22053.0
1996-05-01,1996-05,1996,5,May 1996,2.8499,2.0106,11032.58,31442.0,22182.0
1996-06-01,1996-06,1996,6,Jun 1996,2.7659,1.8984,11032.58,30515.0,20944.0
1996-07-01,1996-07,1996,7,Jul 1996,2.7,1.7077,11032.58,29788.0,18840.0
1996-08-01,1996-08,1996,8,Aug 1996,2.7827,1.7465,11032.58,30700.0,19268.0
1996-09-01,1996-09,1996,9,Sep 1996,2.6169,1.6389,11032.58,28871.0,18081.0
1996-10-01,1996-10,1996,10,Oct 1996,2.7381,1.6076,11032.58,30208.0,17736.0
1996-11-01,1996-11,1996,11,Nov 1996,2.7353,1.5476,11032.58,30177.0,17074.0
1996-12-01,1996-12,1996,12,Dec 1996,2.5798,1.3902,11032.58,28462.0,15337.0
1997-01-01,1997-01,1997,1,Jan 1997,2.9291,1.4813,11683.33,34222.0,17307.0
1997-02-01,1997-02,1997,2,Feb 1997,3.7119,1.6623,11683.33,43367.0,19421.0
1997-03-01,1997-03,1997,3,Mar 1997,4.2924,1.7688,11683.33,50150.0,20665.0
1997-04-01,1997-04,1997,4,Apr 1997,4.5633,1.7062,11683.33,53315.0,19934.0
1997-05-01,1997-05,1997,5,May 1997,5.8923,2.0635,11683.33,68842.0,24109.0
1997-06-01,1997-06,1997,6,Jun 1997,4.8947,1.9564,11683.33,57186.0,22857.0
1997-07-01,1997-07,1997,7,Jul 1997,4.1978,1.756,11683.33,49044.0,20516.0
1997-08-01,1997-08,1997,8,Aug 1997,4.2064,1.6413,11683.33,49145.0,19176.0
1997-09-01,1997-09,1997,9,Sep 1997,4.1859,1.6568,11683.33,48905.0,19357.0
1997-10-01,1997-10,1997,10,Oct 1997,3.6963,1.6429,11683.33,43185.0,19195.0
1997-11-01,1997-11,1997,11,Nov 1997,3.5333,1.6764,11683.33,41281.0,19586.0
1997-12-01,1997-12,1997,12,Dec 1997,3.9119,1.821,11683.33,45704.0,21275.0
1998-01-01,1998-01,1998,1,Jan 1998,3.9198,1.8389,13268.0,52008.0,24399.0
1998-02-01,1998-02,1998,2,Feb 1998,3.9282,1.8378,13268.0,52119.0,24384.0
1998-03-01,1998-03,1998,3,Mar 1998,3.4756,1.812,13268.0,46114.0,24042.0
1998-04-01,1998-04,1998,4,Apr 1998,3.3146,1.9615,13268.0,43978.0,26025.0
1998-05-01,1998-05,1998,5,May 1998,3.0362,2.0005,13268.0,40284.0,26543.0
1998-06-01,1998-06,1998,6,Jun 1998,2.7542,1.8239,13268.0,36543.0,24200.0
1998-07-01,1998-07,1998,7,Jul 1998,2.5926,1.6984,13268.0,34399.0,22534.0
1998-08-01,1998-08,1998,8,Aug 1998,2.7163,1.748,13268.0,36040.0,23192.0
1998-09-01,1998-09,1998,9,Sep 1998,2.4659,1.7593,13268.0,32718.0,23342.0
1998-10-01,1998-10,1998,10,Oct 1998,2.4189,1.7703,13268.0,32094.0,23488.0
1998-11-01,1998-11,1998,11,Nov 1998,2.5655,1.7672,13268.0,34039.0,23447.0
1998-12-01,1998-12,1998,12,Dec 1998,2.588,1.8532,13268.0,34338.0,24588.0
1999-01-01,1999-01,1999,1,Jan 1999,2.4903,1.8142,13943.17,34723.0,25296.0
1999-02-01,1999-02,1999,2,Feb 1999,2.3254,1.7467,13943.17,32423.0,24355.0
1999-03-01,1999-03,1999,3,Mar 1999,2.3234,1.6186,13943.17,32396.0,22568.0
1999-04-01,1999-04,1999,4,Apr 1999,2.2511,1.5282,13943.17,31387.0,21308.0
1999-05-01,1999-05,1999,5,May 1999,2.4487,1.4978,13943.17,34143.0,20884.0
1999-06-01,1999-06,1999,6,Jun 1999,2.3636,1.446,13943.17,32956.0,20162.0
1999-07-01,1999-07,1999,7,Jul 1999,2.0911,1.3572,13943.17,29157.0,18924.0
1999-08-01,1999-08,1999,8,Aug 1999,2.0144,1.3905,13943.17,28087.0,19388.0
1999-09-01,1999-09,1999,9,Sep 1999,1.8587,1.3133,13943.17,25916.0,18312.0
1999-10-01,1999-10,1999,10,Oct 1999,2.0768,1.2901,13943.17,28957.0,17988.0
1999-11-01,1999-11,1999,11,Nov 1999,2.4996,1.39,13943.17,34852.0,19381.0
1999-12-01,1999-12,1999,12,Dec 1999,2.7439,1.4725,13943.17,38259.0,20531.0
2000-01-01,2000-01,2000,1,Jan 2000,2.4496,1.1724,14167.75,34705.0,16610.0
2000-02-01,2000-02,2000,2,Feb 2000,2.2805,1.0772,14167.75,32310.0,15262.0
2000-03-01,2000-03,2000,3,Mar 2000,2.2207,1.0196,14167.75,31462.0,14445.0
2000-04-01,2000-04,2000,4,Apr 2000,2.0858,0.98,14167.75,29551.0,13884.0
2000-05-01,2000-05,2000,5,May 2000,2.0756,0.9771,14167.75,29407.0,13843.0
2000-06-01,2000-06,2000,6,Jun 2000,1.9057,0.9409,14167.75,26999.0,13330.0
2000-07-01,2000-07,2000,7,Jul 2000,1.9257,0.8999,14167.75,27283.0,12750.0
2000-08-01,2000-08,2000,8,Aug 2000,1.6958,0.8433,14167.75,24026.0,11948.0
2000-09-01,2000-09,2000,9,Sep 2000,1.6707,0.8561,14167.75,23670.0,12129.0
2000-10-01,2000-10,2000,10,Oct 2000,1.6901,0.7967,14167.75,23945.0,11287.0
2000-11-01,2000-11,2000,11,Nov 2000,1.5772,0.7233,14167.75,22345.0,10248.0
2000-12-01,2000-12,2000,12,Dec 2000,1.4586,0.6698,14167.75,20665.0,9490.0
2001-01-01,2001-01,2001,1,Jan 2001,1.4546,0.7143,14725.17,21419.0,10518.0
2001-02-01,2001-02,2001,2,Feb 2001,1.4813,0.6962,14725.17,21812.0,10252.0
2001-03-01,2001-03,2001,3,Mar 2001,1.4661,0.6729,14725.17,21589.0,9909.0
2001-04-01,2001-04,2001,4,Apr 2001,1.4579,0.6281,14725.17,21468.0,9249.0
2001-05-01,2001-05,2001,5,May 2001,1.526,0.6512,14725.17,22471.0,9589.0
2001-06-01,2001-06,2001,6,Jun 2001,1.4088,0.6431,14725.17,20745.0,9470.0
2001-07-01,2001-07,2001,7,Jul 2001,1.2946,0.6047,14725.17,19063.0,8904.0
2001-08-01,2001-08,2001,8,Aug 2001,1.3166,0.5692,14725.17,19387.0,8382.0
2001-09-01,2001-09,2001,9,Sep 2001,1.2802,0.5351,14725.17,18851.0,7879.0
2001-10-01,2001-10,2001,10,Oct 2001,1.2434,0.5124,14725.17,18309.0,7545.0
2001-11-01,2001-11,2001,11,Nov 2001,1.2974,0.5221,14725.17,19104.0,7688.0
2001-12-01,2001-12,2001,12,Dec 2001,1.2505,0.5368,14725.17,18414.0,7904.0
2002-01-01,2002-01,2002,1,Jan 2002,1.2842,0.5029,15279.5,19622.0,7684.0
2002-02-01,2002-02,2002,2,Feb 2002,1.3034,0.5373,15279.5,19915.0,8210.0
2002-03-01,2002-03,2002,3,Mar 2002,1.4213,0.6415,15279.5,21717.0,9802.0
2002-04-01,2002-04,2002,4,Apr 2002,1.4425,0.6468,15279.5,22041.0,9883.0
2002-05-01,2002-05,2002,5,May 2002,1.3536,0.6243,15279.5,20682.0,9539.0
2002-06-01,2002-06,2002,6,Jun 2002,1.2912,0.6266,15279.5,19729.0,9574.0
2002-07-01,2002-07,2002,7,Jul 2002,1.2452,0.6305,15279.5,19026.0,9634.0
2002-08-01,2002-08,2002,8,Aug 2002,1.1964,0.6146,15279.5,18280.0,9391.0
2002-09-01,2002-09,2002,9,Sep 2002,1.3375,0.7072,15279.5,20436.0,10806.0
2002-10-01,2002-10,2002,10,Oct 2002,1.4491,0.7348,15279.5,22142.0,11227.0
2002-11-01,2002-11,2002,11,Nov 2002,1.5404,0.8358,15279.5,23537.0,12771.0
2002-12-01,2002-12,2002,12,Dec 2002,1.4145,0.8391,15279.5,21613.0,12821.0
2003-01-01,2003-01,2003,1,Jan 2003,1.4456,0.9079,15509.58,22421.0,14081.0
2003-02-01,2003-02,2003,2,Feb 2003,1.4641,0.8966,15509.58,22708.0,13906.0
2003-03-01,2003-03,2003,3,Mar 2003,1.3614,0.8195,15509.58,21115.0,12710.0
2003-04-01,2003-04,2003,4,Apr 2003,1.4262,0.825,15509.58,22120.0,12795.0
2003-05-01,2003-05,2003,5,May 2003,1.4608,0.8333,15509.58,22656.0,12924.0
2003-06-01,2003-06,2003,6,Jun 2003,1.3457,0.7542,15509.58,20871.0,11697.0
2003-07-01,2003-07,2003,7,Jul 2003,1.3878,0.7793,15509.58,21524.0,12087.0
2003-08-01,2003-08,2003,8,Aug 2003,1.4085,0.8003,15509.58,21845.0,12412.0
2003-09-01,2003-09,2003,9,Sep 2003,1.4641,0.8234,15509.58,22708.0,12771.0
2003-10-01,2003-10,2003,10,Oct 2003,1.4176,0.791,15509.58,21986.0,12268.0
2003-11-01,2003-11,2003,11,Nov 2003,1.373,0.752,15509.58,21295.0,11663.0
2003-12-01,2003-12,2003,12,Dec 2003,1.4299,0.7915,15509.58,22177.0,12276.0
2004-01-01,2004-01,2004,1,Jan 2004,1.6034,0.8783,15746.0,25247.0,13830.0
2004-02-01,2004-02,2004,2,Feb 2004,1.6801,0.8168,15746.0,26455.0,12861.0
2004-03-01,2004-03,2004,3,Mar 2004,1.7209,0.8091,15746.0,27097.0,12740.0
2004-04-01,2004-04,2004,4,Apr 2004,1.6632,0.8018,15746.0,26189.0,12625.0
2004-05-01,2004-05,2004,5,May 2004,1.6973,0.806,15746.0,26726.0,12691.0
2004-06-01,2004-06,2004,6,Jun 2004,1.8124,0.879,15746.0,28538.0,13841.0
2004-07-01,2004-07,2004,7,Jul 2004,1.6521,0.7941,15746.0,26014.0,12504.0
2004-08-01,2004-08,2004,8,Aug 2004,1.6228,0.7476,15746.0,25553.0,11772.0
2004-09-01,2004-09,2004,9,Sep 2004,1.7741,0.7549,15746.0,27935.0,11887.0
2004-10-01,2004-10,2004,10,Oct 2004,1.7758,0.6982,15746.0,27962.0,10994.0
2004-11-01,2004-11,2004,11,Nov 2004,1.9901,0.7211,15746.0,31336.0,11354.0
2004-12-01,2004-12,2004,12,Dec 2004,2.2955,0.8095,15746.0,36145.0,12746.0
2005-01-01,2005-01,2005,1,Jan 2005,2.3625,0.8148,15858.92,37467.0,12922.0
2005-02-01,2005-02,2005,2,Feb 2005,2.6645,0.9092,15858.92,42256.0,14419.0
2005-03-01,2005-03,2005,3,Mar 2005,2.9769,1.0915,15858.92,47210.0,17310.0
2005-04-01,2005-04,2005,4,Apr 2005,2.8556,1.1188,15858.92,45287.0,17743.0
2005-05-01,2005-05,2005,5,May 2005,2.8301,1.2361,15858.92,44882.0,19603.0
2005-06-01,2005-06,2005,6,Jun 2005,2.6711,1.3232,15858.92,42361.0,20985.0
2005-07-01,2005-07,2005,7,Jul 2005,2.4235,1.276,15858.92,38434.0,20236.0
2005-08-01,2005-08,2005,8,Aug 2005,2.3854,1.1457,15858.92,37830.0,18170.0
2005-09-01,2005-09,2005,9,Sep 2005,2.1934,1.0333,15858.92,34785.0,16387.0
2005-10-01,2005-10,2005,10,Oct 2005,2.316,1.0479,15858.92,36729.0,16619.0
2005-11-01,2005-11,2005,11,Nov 2005,2.3753,1.1343,15858.92,37670.0,17989.0
2005-12-01,2005-12,2005,12,Dec 2005,2.3318,1.2432,15858.92,36980.0,19716.0
2006-01-01,2006-01,2006,1,Jan 2006,2.7381,1.3975,15994.25,43794.0,22352.0
2006-02-01,2006-02,2006,2,Feb 2006,2.6261,1.3885,15994.25,42002.0,22208.0
2006-03-01,2006-03,2006,3,Mar 2006,2.5058,1.314,15994.25,40078.0,21016.0
2006-04-01,2006-04,2006,4,Apr 2006,2.5446,1.3349,15994.25,40699.0,21351.0
2006-05-01,2006-05,2006,5,May 2006,2.411,1.3245,15994.25,38562.0,21184.0
2006-06-01,2006-06,2006,6,Jun 2006,2.2741,1.3278,15994.25,36373.0,21237.0
2006-07-01,2006-07,2006,7,Jul 2006,2.3149,1.4218,15994.25,37025.0,22741.0
2006-08-01,2006-08,2006,8,Aug 2006,2.4632,1.6224,15994.25,39397.0,25949.0
2006-09-01,2006-09,2006,9,Sep 2006,2.4213,1.7,15994.25,38727.0,27190.0
2006-10-01,2006-10,2006,10,Oct 2006,2.439,1.6572,15994.25,39010.0,26506.0
2006-11-01,2006-11,2006,11,Nov 2006,2.6956,1.6929,15994.25,43114.0,27077.0
2006-12-01,2006-12,2006,12,Dec 2006,2.8316,1.6903,15994.25,45289.0,27035.0
2007-01-01,2007-01,2007,1,Jan 2007,2.7454,1.7445,16105.12,44215.0,28095.0
2007-02-01,2007-02,2007,2,Feb 2007,2.6903,1.7434,16105.12,43328.0,28078.0
2007-03-01,2007-03,2007,3,Mar 2007,2.5812,1.6976,16105.12,41571.0,27340.0
2007-04-01,2007-04,2007,4,Apr 2007,2.5265,1.7544,16105.12,40690.0,28255.0
2007-05-01,2007-05,2007,5,May 2007,2.4965,1.8499,16105.12,40206.0,29793.0
2007-06-01,2007-06,2007,6,Jun 2007,2.6308,2.0432,16105.12,42369.0,32906.0
2007-07-01,2007-07,2007,7,Jul 2007,2.5933,2.0395,16105.12,41765.0,32846.0
2007-08-01,2007-08,2007,8,Aug 2007,2.7159,1.9277,16105.12,43740.0,31046.0
2007-09-01,2007-09,2007,9,Sep 2007,2.8228,2.0454,16105.12,45462.0,32941.0
2007-10-01,2007-10,2007,10,Oct 2007,2.9606,2.0084,16105.12,47681.0,32346.0
2007-11-01,2007-11,2007,11,Nov 2007,2.8881,2.0413,16105.12,46513.0,32875.0
2007-12-01,2007-12,2007,12,Dec 2007,3.0331,2.0148,16105.12,48848.0,32449.0
2008-01-01,2008-01,2008,1,Jan 2008,3.0834,2.1872,16302.25,50266.0,35656.0
2008-02-01,2008-02,2008,2,Feb 2008,3.4676,2.5452,16302.25,56530.0,41492.0
2008-03-01,2008-03,2008,3,Mar 2008,3.3045,2.6879,16302.25,53871.0,43819.0
2008-04-01,2008-04,2008,4,Apr 2008,3.1019,2.4535,16302.25,50568.0,39998.0
2008-05-01,2008-05,2008,5,May 2008,3.1295,2.4004,16302.25,51018.0,39132.0
2008-06-01,2008-06,2008,6,Jun 2008,3.2221,2.4546,16302.25,52527.0,40016.0
2008-07-01,2008-07,2008,7,Jul 2008,3.2487,2.5404,16302.25,52961.0,41414.0
2008-08-01,2008-08,2008,8,Aug 2008,3.2282,2.4815,16302.25,52627.0,40454.0
2008-09-01,2008-09,2008,9,Sep 2008,3.1586,2.3232,16302.25,51492.0,37873.0
2008-10-01,2008-10,2008,10,Oct 2008,2.7247,1.957,16302.25,44419.0,31904.0
2008-11-01,2008-11,2008,11,Nov 2008,2.6872,2.0009,16302.25,43807.0,32619.0
2008-12-01,2008-12,2008,12,Dec 2008,2.6228,1.819,16302.25,42758.0,29654.0
2009-01-01,2009-01,2009,1,Jan 2009,2.8285,1.8241,17065.08,48269.0,31128.0
2009-02-01,2009-02,2009,2,Feb 2009,2.8545,1.7685,17065.08,48712.0,30180.0
2009-03-01,2009-03,2009,3,Mar 2009,2.8334,1.6823,17065.08,48352.0,28709.0
2009-04-01,2009-04,2009,4,Apr 2009,2.9736,1.6651,17065.08,50745.0,28415.0
2009-05-01,2009-05,2009,5,May 2009,3.3288,1.6671,17065.08,56806.0,28449.0
2009-06-01,2009-06,2009,6,Jun 2009,3.3023,1.6268,17065.08,56354.0,27761.0
2009-07-01,2009-07,2009,7,Jul 2009,3.1063,1.5803,17065.08,53009.0,26968.0
2009-08-01,2009-08,2009,8,Aug 2009,3.3016,1.595,17065.08,56342.0,27219.0
2009-09-01,2009-09,2009,9,Sep 2009,3.2745,1.6275,17065.08,55880.0,27773.0
2009-10-01,2009-10,2009,10,Oct 2009,3.4077,1.6206,17065.08,58153.0,27656.0
2009-11-01,2009-11,2009,11,Nov 2009,3.3557,1.5318,17065.08,57265.0,26140.0
2009-12-01,2009-12,2009,12,Dec 2009,3.4868,1.5407,17065.08,59503.0,26292.0
2010-01-01,2010-01,2010,1,Jan 2010,3.5031,1.545,18612.92,65203.0,28757.0
2010-02-01,2010-02,2010,2,Feb 2010,3.4802,1.4965,18612.92,64777.0,27854.0
2010-03-01,2010-03,2010,3,Mar 2010,3.6266,1.4826,18612.92,67502.0,27596.0
2010-04-01,2010-04,2010,4,Apr 2010,3.7311,1.5767,18612.92,69447.0,29347.0
2010-05-01,2010-05,2010,5,May 2010,3.8202,1.5567,18612.92,71105.0,28975.0
2010-06-01,2010-06,2010,6,Jun 2010,4.2086,1.6958,18612.92,78334.0,31564.0
2010-07-01,2010-07,2010,7,Jul 2010,4.48,1.8799,18612.92,83386.0,34990.0
2010-08-01,2010-08,2010,8,Aug 2010,4.6648,1.8228,18612.92,86826.0,33928.0
2010-09-01,2010-09,2010,9,Sep 2010,4.9099,1.7919,18612.92,91388.0,33352.0
2010-10-01,2010-10,2010,10,Oct 2010,4.7981,1.8799,18612.92,89307.0,34990.0
2010-11-01,2010-11,2010,11,Nov 2010,5.1473,2.0291,18612.92,95806.0,37767.0
2010-12-01,2010-12,2010,12,Dec 2010,5.4712,2.0743,18612.92,101835.0,38609.0
2011-01-01,2011-01,2011,1,Jan 2011,5.8151,2.2287,20509.75,119266.0,45710.0
2011-02-01,2011-02,2011,2,Feb 2011,6.3469,2.4108,20509.75,130173.0,49445.0
2011-03-01,2011-03,2011,3,Mar 2011,6.439,2.6043,20509.75,132062.0,53414.0
2011-04-01,2011-04,2011,4,Apr 2011,6.6165,2.5876,20509.75,135703.0,53071.0
2011-05-01,2011-05,2011,5,May 2011,6.4174,2.6892,20509.75,131619.0,55155.0
2011-06-01,2011-06,2011,6,Jun 2011,6.0623,2.6003,20509.75,124336.0,53332.0
2011-07-01,2011-07,2011,7,Jul 2011,5.9088,2.4853,20509.75,121188.0,50973.0
2011-08-01,2011-08,2011,8,Aug 2011,5.9622,2.4707,20509.75,122283.0,50673.0
2011-09-01,2011-09,2011,9,Sep 2011,6.0601,2.3382,20509.75,124291.0,47956.0
2011-10-01,2011-10,2011,10,Oct 2011,5.4635,2.1627,20509.75,112055.0,44356.0
2011-11-01,2011-11,2011,11,Nov 2011,5.4033,2.1438,20509.75,110820.0,43969.0
2011-12-01,2011-12,2011,12,Dec 2011,5.2186,2.1696,20509.75,107032.0,44498.0
2012-01-01,2012-01,2012,1,Jan 2012,5.2295,2.1323,20828.0,108920.0,44412.0
2012-02-01,2012-02,2012,2,Feb 2012,4.9419,2.2472,20828.0,102930.0,46805.0
2012-03-01,2012-03,2012,3,Mar 2012,4.437,2.2833,20828.0,92414.0,47557.0
2012-04-01,2012-04,2012,4,Apr 2012,4.2207,2.2443,20828.0,87909.0,46744.0
2012-05-01,2012-05,2012,5,May 2012,4.0708,2.3563,20828.0,84787.0,49077.0
2012-06-01,2012-06,2012,6,Jun 2012,3.719,2.3303,20828.0,77459.0,48535.0
2012-07-01,2012-07,2012,7,Jul 2012,4.1987,2.3603,20828.0,87451.0,49160.0
2012-08-01,2012-08,2012,8,Aug 2012,3.8542,2.3484,20828.0,80275.0,48912.0
2012-09-01,2012-09,2012,9,Sep 2012,3.9458,2.3137,20828.0,82183.0,48190.0
2012-10-01,2012-10,2012,10,Oct 2012,3.821,2.3032,20828.0,79584.0,47971.0
2012-11-01,2012-11,2012,11,Nov 2012,3.5254,2.1533,20828.0,73427.0,44849.0
2012-12-01,2012-12,2012,12,Dec 2012,3.3673,2.1294,20828.0,70134.0,44351.0
2013-01-01,2013-01,2013,1,Jan 2013,3.4676,2.1978,20933.42,72589.0,46007.0
2013-02-01,2013-02,2013,2,Feb 2013,3.295,2.2935,20933.42,68976.0,48011.0
2013-03-01,2013-03,2013,3,Mar 2013,3.3021,2.3426,20933.42,69124.0,49039.0
2013-04-01,2013-04,2013,4,Apr 2013,3.3027,2.2417,20933.42,69137.0,46926.0
2013-05-01,2013-05,2013,5,May 2013,3.2449,2.1864,20933.42,67927.0,45769.0
2013-06-01,2013-06,2013,6,Jun 2013,3.0481,2.0015,20933.42,63807.0,41898.0
2013-07-01,2013-07,2013,7,Jul 2013,3.0509,2.099,20933.42,63866.0,43939.0
2013-08-01,2013-08,2013,8,Aug 2013,2.9796,2.0726,20933.42,62373.0,43387.0
2013-09-01,2013-09,2013,9,Sep 2013,2.9163,1.9351,20933.42,61048.0,40508.0
2013-10-01,2013-10,2013,10,Oct 2013,2.8373,1.8453,20933.42,59394.0,38628.0
2013-11-01,2013-11,2013,11,Nov 2013,2.69,1.7572,20933.42,56311.0,36784.0
2013-12-01,2013-12,2013,12,Dec 2013,2.7772,1.9376,20933.42,58136.0,40561.0
2014-01-01,2014-01,2014,1,Jan 2014,2.9262,1.9341,21148.0,61883.0,40902.0
2014-02-01,2014-02,2014,2,Feb 2014,3.8281,2.1142,21148.0,80957.0,44711.0
2014-03-01,2014-03,2014,3,Mar 2014,4.7199,2.323,21148.0,99816.0,49127.0
2014-04-01,2014-04,2014,4,Apr 2014,4.9269,2.327,21148.0,104194.0,49211.0
2014-05-01,2014-05,2014,5,May 2014,4.7223,2.2705,21148.0,99867.0,48017.0
2014-06-01,2014-06,2014,6,Jun 2014,4.3627,2.1806,21148.0,92262.0,46115.0
2014-07-01,2014-07,2014,7,Jul 2014,4.3409,2.2441,21148.0,91801.0,47458.0
2014-08-01,2014-08,2014,8,Aug 2014,4.6952,2.2101,21148.0,99294.0,46739.0
2014-09-01,2014-09,2014,9,Sep 2014,4.6414,2.2161,21148.0,98156.0,46866.0
2014-10-01,2014-10,2014,10,Oct 2014,4.9668,2.3082,21148.0,105038.0,48814.0
2014-11-01,2014-11,2014,11,Nov 2014,4.616,2.2721,21148.0,97619.0,48050.0
2014-12-01,2014-12,2014,12,Dec 2014,4.3391,2.1973,21148.0,91763.0,46469.0
2015-01-01,2015-01,2015,1,Jan 2015,4.1888,2.1607,21697.57,90887.0,46882.0
2015-02-01,2015-02,2015,2,Feb 2015,3.9438,2.1685,21697.57,85571.0,47051.0
2015-03-01,2015-03,2015,3,Mar 2015,3.5437,2.0318,21697.57,76890.0,44085.0
2015-04-01,2015-04,2015,4,Apr 2015,3.6156,2.0296,21697.57,78450.0,44037.0
2015-05-01,2015-05,2015,5,May 2015,3.4939,1.9304,21697.57,75809.0,41885.0
2015-06-01,2015-06,2015,6,Jun 2015,3.5221,1.9897,21697.57,76421.0,43172.0
2015-07-01,2015-07,2015,7,Jul 2015,3.405,1.9207,21697.57,73880.0,41675.0
2015-08-01,2015-08,2015,8,Aug 2015,3.4595,1.8911,21697.57,75063.0,41032.0
2015-09-01,2015-09,2015,9,Sep 2015,3.2221,1.7968,21697.57,69912.0,38986.0
2015-10-01,2015-10,2015,10,Oct 2015,3.3786,1.825,21697.57,73307.0,39598.0
2015-11-01,2015-11,2015,11,Nov 2015,3.2624,1.8021,21697.57,70786.0,39101.0
2015-12-01,2015-12,2015,12,Dec 2015,3.2774,1.7478,21697.57,71112.0,37923.0
2016-01-01,2016-01,2016,1,Jan 2016,3.1974,1.6471,21935.0,70135.0,36129.0
2016-02-01,2016-02,2016,2,Feb 2016,3.2562,1.6323,21935.0,71425.0,35805.0
2016-03-01,2016-03,2016,3,Mar 2016,3.4723,1.6667,21935.0,76165.0,36559.0
2016-04-01,2016-04,2016,4,Apr 2016,3.4,1.7677,21935.0,74579.0,38774.0
2016-05-01,2016-05,2016,5,May 2016,3.4213,1.8503,21935.0,75046.0,40586.0
2016-06-01,2016-06,2016,6,Jun 2016,3.6475,1.8947,21935.0,80008.0,41560.0
2016-07-01,2016-07,2016,7,Jul 2016,3.7867,2.0022,21935.0,83061.0,43918.0
2016-08-01,2016-08,2016,8,Aug 2016,3.6936,2.0236,21935.0,81019.0,44388.0
2016-09-01,2016-09,2016,9,Sep 2016,3.8867,2.1358,21935.0,85255.0,46849.0
2016-10-01,2016-10,2016,10,Oct 2016,3.9454,2.2851,21935.0,86542.0,50124.0
2016-11-01,2016-11,2016,11,Nov 2016,4.0591,2.2866,21935.0,89036.0,50157.0
2016-12-01,2016-12,2016,12,Dec 2016,3.5666,2.2454,21935.0,78233.0,49253.0
2017-01-01,2017-01,2017,1,Jan 2017,3.7172,2.388,22370.09,83154.0,53420.0
2017-02-01,2017-02,2017,2,Feb 2017,3.6674,2.3477,22370.09,82040.0,52518.0
2017-03-01,2017-03,2017,3,Mar 2017,3.5307,2.353,22370.09,78982.0,52637.0
2017-04-01,2017-04,2017,4,Apr 2017,3.426,2.2835,22370.09,76640.0,51082.0
2017-05-01,2017-05,2017,5,May 2017,3.3069,2.1685,22370.09,73976.0,48510.0
2017-06-01,2017-06,2017,6,Jun 2017,3.1575,2.2476,22370.09,70634.0,50279.0
2017-07-01,2017-07,2017,7,Jul 2017,3.2994,2.3135,22370.09,73808.0,51753.0
2017-08-01,2017-08,2017,8,Aug 2017,3.3043,2.3043,22370.09,73917.0,51547.0
2017-09-01,2017-09,2017,9,Sep 2017,3.2311,2.1865,22370.09,72280.0,48912.0
2017-10-01,2017-10,2017,10,Oct 2017,3.1021,2.1691,22370.09,69394.0,48523.0
2017-11-01,2017-11,2017,11,Nov 2017,3.1063,2.0135,22370.09,69488.0,45042.0
2017-12-01,2017-12,2017,12,Dec 2017,3.0296,1.931,22370.09,67772.0,43197.0
2018-01-01,2018-01,2018,1,Jan 2018,3.0602,1.9544,22602.05,69167.0,44173.0
2018-02-01,2018-02,2018,2,Feb 2018,3.0045,1.9674,22602.05,67908.0,44467.0
2018-03-01,2018-03,2018,3,Mar 2018,2.9769,1.944,22602.05,67284.0,43938.0
2018-04-01,2018-04,2018,4,Apr 2018,2.9617,1.9469,22602.05,66940.0,44004.0
2018-05-01,2018-05,2018,5,May 2018,2.9897,1.9564,22602.05,67573.0,44219.0
2018-06-01,2018-06,2018,6,Jun 2018,2.9549,1.8975,22602.05,66787.0,42887.0
2018-07-01,2018-07,2018,7,Jul 2018,2.8792,1.8611,22602.05,65076.0,42065.0
2018-08-01,2018-08,2018,8,Aug 2018,2.7604,1.78,22602.05,62391.0,40232.0
2018-09-01,2018-09,2018,9,Sep 2018,2.6716,1.6909,22602.05,60384.0,38218.0
2018-10-01,2018-10,2018,10,Oct 2018,3.0278,1.881,22602.05,68434.0,42514.0
2018-11-01,2018-11,2018,11,Nov 2018,3.0228,1.8413,22602.05,68321.0,41617.0
2018-12-01,2018-12,2018,12,Dec 2018,2.8021,1.7101,22602.05,63333.0,38652.0
2019-01-01,2019-01,2019,1,Jan 2019,2.8321,1.7249,23050.24,65281.0,39759.0
2019-02-01,2019-02,2019,2,Feb 2019,2.8318,1.7339,23050.24,65274.0,39967.0
2019-03-01,2019-03,2019,3,Mar 2019,2.7313,1.6967,23050.24,62957.0,39109.0
2019-04-01,2019-04,2019,4,Apr 2019,2.6705,1.6155,23050.24,61556.0,37238.0
2019-05-01,2019-05,2019,5,May 2019,2.6577,1.5679,23050.24,61261.0,36140.0
2019-06-01,2019-06,2019,6,Jun 2019,2.8601,1.6319,23050.24,65926.0,37616.0
2019-07-01,2019-07,2019,7,Jul 2019,2.9866,1.6299,23050.24,68842.0,37570.0
2019-08-01,2019-08,2019,8,Aug 2019,2.7829,1.5602,23050.24,64147.0,35963.0
2019-09-01,2019-09,2019,9,Sep 2019,2.8415,1.5573,23050.24,65497.0,35896.0
2019-10-01,2019-10,2019,10,Oct 2019,2.7996,1.513,23050.24,64531.0,34875.0
2019-11-01,2019-11,2019,11,Nov 2019,3.1081,1.6155,23050.24,71642.0,37238.0
2019-12-01,2019-12,2019,12,Dec 2019,3.4551,1.6144,23050.24,79641.0,37212.0
2020-01-01,2020-01,2020,1,Jan 2020,3.1347,1.5554,23208.37,72751.0,36098.0
2020-02-01,2020-02,2020,2,Feb 2020,2.9873,1.5007,23208.37,69330.0,34829.0
2020-03-01,2020-03,2020,3,Mar 2020,3.2701,1.4872,23208.37,75894.0,34515.0
2020-04-01,2020-04,2020,4,Apr 2020,3.4066,1.4101,23208.37,79062.0,32726.0
2020-05-01,2020-05,2020,5,May 2020,3.3034,1.4226,23208.37,76667.0,33016.0
2020-06-01,2020-06,2020,6,Jun 2020,3.12,1.4246,23208.37,72410.0,33063.0
2020-07-01,2020-07,2020,7,Jul 2020,3.2359,1.4923,23208.37,75100.0,34634.0
2020-08-01,2020-08,2020,8,Aug 2020,3.599,1.6023,23208.37,83527.0,37187.0
2020-09-01,2020-09,2020,9,Sep 2020,3.672,1.6043,23208.37,85221.0,37233.0
2020-10-01,2020-10,2020,10,Oct 2020,3.3523,1.5071,23208.37,77801.0,34977.0
2020-11-01,2020-11,2020,11,Nov 2020,3.323,1.5957,23208.37,77121.0,37034.0
2020-12-01,2020-12,2020,12,Dec 2020,3.4791,1.5882,23208.37,80744.0,36860.0
2021-01-01,2021-01,2021,1,Jan 2021,3.5424,1.5593,23159.78,82041.0,36113.0
2021-02-01,2021-02,2021,2,Feb 2021,3.6691,1.6175,23159.78,84976.0,37461.0
2021-03-01,2021-03,2021,3,Mar 2021,3.6828,1.6283,23159.78,85293.0,37711.0
2021-04-01,2021-04,2021,4,Apr 2021,3.7181,1.6416,23159.78,86110.0,38019.0
2021-05-01,2021-05,2021,5,May 2021,4.1107,1.7566,23159.78,95203.0,40682.0
2021-06-01,2021-06,2021,6,Jun 2021,4.243,1.8702,23159.78,98267.0,43313.0
2021-07-01,2021-07,2021,7,Jul 2021,4.5038,2.0805,23159.78,104307.0,48184.0
2021-08-01,2021-08,2021,8,Aug 2021,4.7673,2.0984,23159.78,110410.0,48598.0
2021-09-01,2021-09,2021,9,Sep 2021,4.9723,2.306,23159.78,115157.0,53406.0
2021-10-01,2021-10,2021,10,Oct 2021,5.3145,2.3201,23159.78,123083.0,53733.0
2021-11-01,2021-11,2021,11,Nov 2021,5.7091,2.4119,23159.78,132221.0,55859.0
2021-12-01,2021-12,2021,12,Dec 2021,5.9101,2.4837,23159.78,136877.0,57522.0
2022-01-01,2022-01,2022,1,Jan 2022,5.9763,2.4251,23271.21,139076.0,56435.0
2022-02-01,2022-02,2022,2,Feb 2022,6.1692,2.4125,23271.21,143565.0,56142.0
2022-03-01,2022-03,2022,3,Mar 2022,5.6985,2.2888,23271.21,132611.0,53263.0
2022-04-01,2022-04,2022,4,Apr 2022,5.8541,2.291,23271.21,136232.0,53314.0
2022-05-01,2022-05,2022,5,May 2022,5.7413,2.273,23271.21,133607.0,52895.0
2022-06-01,2022-06,2022,6,Jun 2022,6.0338,2.2886,23271.21,140414.0,53258.0
2022-07-01,2022-07,2022,7,Jul 2022,5.6392,2.2121,23271.21,131231.0,51478.0
2022-08-01,2022-08,2022,8,Aug 2022,5.9179,2.4174,23271.21,137717.0,56256.0
2022-09-01,2022-09,2022,9,Sep 2022,5.8971,2.4551,23271.21,137233.0,57133.0
2022-10-01,2022-10,2022,10,Oct 2022,5.2929,2.271,23271.21,123172.0,52849.0
2022-11-01,2022-11,2022,11,Nov 2022,4.7155,2.0413,23271.21,109735.0,47504.0
2022-12-01,2022-12,2022,12,Dec 2022,4.6295,2.0454,23271.21,107734.0,47599.0
2023-01-01,2023-01,2023,1,Jan 2023,4.5583,2.116,23787.32,108430.0,50334.0
2023-02-01,2023-02,2023,2,Feb 2023,5.0647,2.2913,23787.32,120476.0,54504.0
2023-03-01,2023-03,2023,3,Mar 2023,4.9022,2.3477,23787.32,116610.0,55845.0
2023-04-01,2023-04,2023,4,Apr 2023,5.0609,2.5507,23787.32,120385.0,60674.0
2023-05-01,2023-05,2023,5,May 2023,4.8528,2.7018,23787.32,115435.0,64269.0
2023-06-01,2023-06,2023,6,Jun 2023,4.5722,2.913,23787.32,108760.0,69292.0
2023-07-01,2023-07,2023,7,Jul 2023,4.2657,2.8127,23787.32,101470.0,66907.0
2023-08-01,2023-08,2023,8,Aug 2023,4.1167,2.7474,23787.32,97925.0,65353.0
2023-09-01,2023-09,2023,9,Sep 2023,4.0459,2.7313,23787.32,96241.0,64970.0
2023-10-01,2023-10,2023,10,Oct 2023,4.0477,2.62,23787.32,96284.0,62323.0
2023-11-01,2023-11,2023,11,Nov 2023,4.3471,2.7035,23787.32,103406.0,64309.0
2023-12-01,2023-12,2023,12,Dec 2023,4.6465,2.9866,23787.32,110528.0,71043.0
2024-01-01,2024-01,2024,1,Jan 2024,4.4732,3.2639,24164.89,108094.0,78872.0
2024-02-01,2024-02,2024,2,Feb 2024,4.6028,3.3781,24164.89,111226.0,81631.0
2024-03-01,2024-03,2024,3,Mar 2024,4.605,3.6564,24164.89,111279.0,88357.0
2024-04-01,2024-04,2024,4,Apr 2024,5.2743,4.2335,24164.89,127453.0,102302.0
2024-05-01,2024-05,2024,5,May 2024,5.0832,4.0422,24164.89,122835.0,97679.0
2024-06-01,2024-06,2024,6,Jun 2024,5.4761,4.5043,24164.89,132329.0,108846.0
2024-07-01,2024-07,2024,7,Jul 2024,5.6681,4.7338,24164.89,136969.0,114392.0
2024-08-01,2024-08,2024,8,Aug 2024,5.7638,4.7329,24164.89,139282.0,114370.0
2024-09-01,2024-09,2024,9,Sep 2024,6.1247,5.3303,24164.89,148003.0,128806.0
2024-10-01,2024-10,2024,10,Oct 2024,6.1017,4.8923,24164.89,147447.0,118222.0
2024-11-01,2024-11,2024,11,Nov 2024,6.7237,4.9849,24164.89,162477.0,120460.0
2024-12-01,2024-12,2024,12,Dec 2024,7.5693,5.219,24164.89,182911.0,126117.0
2025-01-01,2025-01,2025,1,Jan 2025,7.8147,5.4077,24164.89,188841.0,130676.0
2025-02-01,2025-02,2025,2,Feb 2025,9.0493,5.8125,24164.89,218675.0,140458.0
2025-03-01,2025-03,2025,3,Mar 2025,8.9195,5.6899,24164.89,215539.0,137496.0
2025-04-01,2025-04,2025,4,Apr 2025,8.6359,5.4251,24164.89,208686.0,131097.0
2025-05-01,2025-05,2025,5,May 2025,8.7709,5.2415,24164.89,211948.0,126660.0
2025-06-01,2025-06,2025,6,Jun 2025,8.0063,4.3257,24164.89,193471.0,104530.0
2025-07-01,2025-07,2025,7,Jul 2025,7.176,3.6859,24164.89,173407.0,89069.0
2025-08-01,2025-08,2025,8,Aug 2025,8.076,4.3901,24164.89,195156.0,106086.0
2025-09-01,2025-09,2025,9,Sep 2025,8.8315,4.6575,24164.89,213412.0,112548.0
2025-10-01,2025-10,2025,10,Oct 2025,8.902,4.7413,24164.89,215116.0,114573.0
2025-11-01,2025-11,2025,11,Nov 2025,9.0458,4.7379,24164.89,218591.0,114491.0
2025-12-01,2025-12,2025,12,Dec 2025,8.4047,4.2013,24164.89,203099.0,101524.0
