year,arabica_usd_avg,arabica_usd_min,arabica_usd_max,robusta_usd_avg,robusta_usd_min,robusta_usd_max,usdvnd_rate,arabica_vnd_avg,robusta_vnd_avg,months_available
1960,0.924,0.901,0.947,0.696,0.684,0.709,1.0,1.0,1.0,12
1961,0.896,0.877,0.917,0.669,0.662,0.677,1.0,1.0,1.0,12
1962,0.833,0.805,0.877,0.682,0.668,0.717,1.0,1.0,1.0,12
1963,0.806,0.797,0.827,0.624,0.612,0.652,1.0,1.0,1.0,12
1964,1.01,0.926,1.049,0.787,0.701,0.847,1.0,1.0,1.0,12
1965,1.0,0.961,1.038,0.678,0.487,0.807,1.0,1.0,1.0,12
1966,0.929,0.873,1.012,0.739,0.7,0.802,1.0,1.0,1.0,12
1967,0.864,0.823,0.909,0.739,0.706,0.782,1.0,1.0,1.0,12
1968,0.867,0.827,0.888,0.746,0.709,0.76,1.0,1.0,1.0,12
1969,0.877,0.778,1.048,0.73,0.65,0.845,1.0,1.0,1.0,12
1970,1.147,0.978,1.217,0.914,0.847,0.945,1.0,1.0,1.0,12
1971,0.992,0.943,1.021,0.932,0.919,0.941,1.0,1.0,1.0,12
1972,1.11,0.99,1.236,0.996,0.93,1.053,1.0,1.0,1.0,12
1973,1.373,1.278,1.454,1.1,1.045,1.19,1.0,1.0,1.0,12
1974,1.452,1.204,1.647,1.294,1.189,1.423,1.0,2.0,1.0,12
1975,1.442,1.05,1.84,1.346,1.048,1.699,1.0,1.0,1.0,12
1976,3.147,2.047,4.566,2.813,1.744,4.496,2.37,7.0,7.0,12
1977,5.169,3.77,7.004,4.933,3.675,6.884,2.37,12.0,12.0,12
1978,3.59,2.89,4.545,3.251,2.79,3.905,2.37,8.0,8.0,12
1979,3.826,2.712,4.621,3.652,2.921,4.324,2.37,9.0,9.0,12
1980,3.466,2.599,4.232,3.243,2.518,3.885,2.37,8.0,8.0,12
1981,2.869,2.51,3.18,2.24,1.858,2.628,8.35,24.0,19.0,12
1982,3.088,2.931,3.405,2.424,2.168,2.818,8.35,26.0,20.0,12
1983,2.911,2.75,3.233,2.732,2.647,2.927,1.0,3.0,3.0,12
1984,3.189,3.018,3.312,3.037,2.799,3.229,1.0,3.0,3.0,12
1985,3.231,2.943,4.342,2.649,2.294,3.367,22.94,74.0,61.0,12
1986,4.293,3.003,5.282,3.245,2.746,3.752,22.94,98.0,74.0,12
1987,2.505,2.202,2.797,2.248,2.039,2.5,78.95,198.0,178.0,12
1988,3.034,2.822,3.255,2.079,1.8,2.27,611.65,1856.0,1272.0,12
1989,2.387,1.514,3.356,1.656,1.132,2.234,4501.69,10747.0,7453.0,12
1990,1.972,1.676,2.103,1.182,1.091,1.245,6537.6,12894.0,7726.0,12
1991,1.873,1.661,2.063,1.072,0.99,1.165,10121.89,18962.0,10850.0,12
1992,1.412,1.167,1.702,0.94,0.82,1.12,11202.19,15817.0,10535.0,12
1993,1.56,1.276,1.792,1.157,0.989,1.378,10640.96,16602.0,12316.0,12
1994,3.308,1.74,4.894,2.62,1.309,4.03,10965.67,36270.0,28726.0,12
1995,3.332,2.342,3.956,2.771,2.048,3.219,11038.25,36783.0,30584.0,12
1996,2.694,2.439,2.85,1.806,1.39,2.136,11032.58,29724.0,19924.0,12
1997,4.168,2.929,5.892,1.736,1.481,2.064,11683.33,48696.0,20283.0,12
1998,2.981,2.419,3.928,1.823,1.698,2.001,13268.0,39556.0,24182.0,12
1999,2.291,1.859,2.744,1.489,1.29,1.814,13943.17,31938.0,20758.0,12
2000,1.92,1.459,2.45,0.913,0.67,1.172,14167.75,27197.0,12936.0,12
2001,1.373,1.243,1.526,0.607,0.512,0.714,14725.17,20219.0,8941.0,12
2002,1.357,1.196,1.54,0.662,0.503,0.839,15279.5,20728.0,10112.0,12
2003,1.415,1.346,1.464,0.815,0.752,0.908,15509.58,21952.0,12632.0,12
2004,1.774,1.603,2.296,0.793,0.698,0.879,15746.0,27933.0,12487.0,12
2005,2.532,2.193,2.977,1.114,0.815,1.323,15858.92,40158.0,17675.0,12
2006,2.522,2.274,2.832,1.489,1.314,1.7,15994.25,40339.0,23820.0,12
2007,2.724,2.496,3.033,1.909,1.698,2.045,16105.12,43866.0,30748.0,12
2008,3.082,2.623,3.468,2.321,1.819,2.688,16302.25,50237.0,37836.0,12
2009,3.171,2.828,3.487,1.644,1.532,1.824,17065.08,54116.0,28058.0,12
2010,4.32,3.48,5.471,1.736,1.483,2.074,18612.92,80410.0,32311.0,12
2011,5.976,5.219,6.616,2.408,2.144,2.689,20509.75,122569.0,49379.0,12
2012,4.111,3.367,5.23,2.267,2.129,2.36,20828.0,85623.0,47214.0,12
2013,3.076,2.69,3.468,2.076,1.757,2.343,20933.42,64391.0,43455.0,12
2014,4.424,2.926,4.967,2.216,1.934,2.327,21148.0,93554.0,46873.0,12
2015,3.526,3.222,4.189,1.941,1.748,2.168,21697.57,76507.0,42119.0,12
2016,3.611,3.197,4.059,1.953,1.632,2.287,21935.0,79209.0,42842.0,12
2017,3.323,3.03,3.717,2.226,1.931,2.388,22370.09,74340.0,49785.0,12
2018,2.926,2.672,3.06,1.869,1.691,1.967,22602.05,66133.0,42249.0,12
2019,2.88,2.658,3.455,1.622,1.513,1.734,23050.24,66380.0,37382.0,12
2020,3.324,2.987,3.672,1.516,1.41,1.604,23208.37,77136.0,35181.0,12
2021,4.512,3.542,5.91,1.981,1.559,2.484,23159.78,104495.0,45883.0,12
2022,5.63,4.63,6.169,2.285,2.041,2.455,23271.21,131027.0,53177.0,12
2023,4.54,4.046,5.065,2.627,2.116,2.987,23787.32,107996.0,62485.0,12
2024,5.622,4.473,7.569,4.414,3.264,5.33,24164.89,135859.0,106671.0,12
2025,8.469,7.176,9.049,4.86,3.686,5.812,24164.89,204662.0,117434.0,12
